id;wb_1;wb_2;wb_3;wb_4;wb_5;wb_6;wb_7;wb_8;wb_9;wb_10;wb_11;wb_12;wb_13;wb_14;stress_1;stress_2;stress_3;stress_4;stress_5;stress_6;stress_7;soc_1;soc_2;soc_3;soc_4;soc_5;soc_6;soc_7;soc_8;soc_9;soc_10;soc_11;soc_12;soc_13;sonc_1;sonc_2;sonc_3;sonc_4;sonc_5;sonc_6;sonc_7;sonc_8;trust_media;trust_court;trust_police;trust_pm;trust_gov;trust_econ;trust_health;trust_hospital;trust_edu;trust_localgov;trust_relig;support_family;support_community;support_virtual;support_gov;support_work;support_relig;support_friends;gender;age;age_1;soc;sonc;wb;trust;support;mh;edu - dummy;edu;stress
1;6;6;5;3;3;3;4;2;4;4;5;5;4;5;1;1;2;1;1;1;1;5;6;5;6;6;2;5;4;3;4;3;5;5;3;3;3;4;4;4;4;2;3;4;3;1;2;2;2;5;2;4;3;5;3;5;2;3;4;5;2;1993;28;4.538461538;3.375;4.214285714;2.818181818;3.857142857;1.769230769;5;tertiary;8
2;5;5;4;4;4;5;5;4;5;5;4;4;4;5;1;1;1;1;0;2;1;6;4;6;5;3;5;6;5;5;5;4;6;3;3;2;3;5;4;4;3;6;3;4;4;3;3;3;3;4;3;3;3;4;4;3;3;1;;4;1;1991;30;4.846153846;3.75;4.5;3.272727273;3.166666667;1.692307692;6;tertiary;7
3;2;4;1;3;6;1;4;1;5;1;2;5;5;5;3;2;3;2;1;1;1;6;6;6;6;3;6;4;5;3;3;4;5;6;2;1;2;2;3;3;3;5;4;4;2;2;2;2;3;5;3;;2;3;1;3;2;;;4;1;2000;21;4.846153846;2.625;3.214285714;2.9;2.6;2.769230769;4;secondary;13
4;4;4;4;2;3;2;3;2;3;3;5;3;2;2;1;1;1;0;0;1;1;3;5;5;2;6;5;3;3;5;5;5;2;5;3;4;5;5;3;3;3;5;3;5;4;3;3;3;3;4;3;3;3;4;3;3;2;;3;4;2;1999;22;4.153846154;3.875;3;3.363636364;3.166666667;1.846153846;4;secondary;5
5;4;5;5;2;6;4;5;2;5;3;5;5;4;3;3;1;2;1;1;0;1;5;4;3;4;6;5;5;3;2;4;4;3;4;2;1;3;3;4;3;3;1;4;;2;2;3;2;3;4;2;;1;5;3;3;1;1;3;5;2;2000;21;4;2.5;4.142857143;2.555555556;3;1.923076923;4;secondary;9
6;5;5;5;4;2;3;4;5;5;5;5;5;5;5;1;1;1;1;1;1;1;6;5;6;7;5;5;5;6;6;6;5;7;6;3;4;3;4;4;4;4;5;3;2;4;3;3;3;4;5;4;3;3;5;5;3;4;4;;5;2;1966;55;5.769230769;3.875;4.5;3.363636364;4.333333333;1.692307692;6;tertiary;7
7;4;5;5;4;6;2;3;3;4;4;4;4;5;6;3;1;0;1;0;3;0;7;3;6;7;2;6;5;4;4;5;4;6;3;3;5;2;5;3;3;3;5;4;5;4;1;2;1;3;5;2;5;4;5;2;2;1;3;;5;2;1992;29;4.769230769;3.625;4.214285714;3.272727273;3;1.846153846;6;tertiary;8
8;3;5;5;3;5;4;5;5;5;6;6;5;4;6;3;3;3;2;2;3;3;6;5;6;7;7;4;6;4;5;5;6;6;5;3;4;4;6;5;5;3;5;3;4;4;1;1;1;1;5;1;3;1;5;2;3;1;5;;4;2;1987;34;5.538461538;4.375;4.785714286;2.272727273;3.333333333;2.769230769;4;secondary;19
9;5;5;4;6;6;2;4;2;5;6;4;5;6;6;2;1;1;0;0;2;1;7;6;5;6;6;7;6;6;6;6;6;7;7;2;2;5;6;5;6;2;4;3;3;3;1;1;1;1;5;1;4;;5;3;3;2;4;;;1;1963;58;6.230769231;4;4.714285714;2.3;3.4;2.769230769;3;primary;7
10;6;6;6;2;2;2;3;1;6;6;6;6;4;6;1;1;1;1;0;1;1;7;3;3;7;4;7;6;6;7;6;4;7;7;4;2;4;3;4;4;5;5;2;2;2;1;2;1;1;5;1;2;1;5;4;1;1;4;1;4;2;1964;57;5.692307692;3.875;4.428571429;1.818181818;2.857142857;1.615384615;6;tertiary;6
11;5;5;5;2;2;4;5;2;5;5;5;4;4;6;2;1;1;1;1;1;1;6;6;5;5;5;4;7;5;2;3;5;4;4;4;6;4;4;4;4;3;5;1;2;2;1;2;1;1;4;4;3;2;5;5;3;2;2;2;5;2;1989;32;4.692307692;4.25;4.214285714;2.090909091;3.428571429;1.923076923;5;tertiary;8
12;5;5;5;2;1;1;1;1;5;4;4;4;5;5;1;1;1;1;2;1;1;3;5;6;5;5;4;1;3;3;4;5;3;3;3;4;3;2;4;3;2;4;2;5;4;1;1;1;1;5;1;;1;3;1;1;2;4;1;2;1;1995;26;3.846153846;3.125;3.428571429;2.2;2;2.230769231;5;tertiary;8
13;5;5;5;5;5;4;5;5;5;5;5;5;5;5;1;0;1;1;0;0;0;4;3;3;5;6;6;4;4;4;4;5;4;5;3;3;5;5;5;4;4;6;2;2;2;2;2;2;2;4;2;2;1;4;4;3;3;4;1;5;2;1995;26;4.384615385;4.375;4.928571429;2.090909091;3.428571429;1.615384615;5;tertiary;3
14;5;6;5;2;6;3;4;3;4;4;5;5;5;5;1;1;1;1;1;1;1;1;3;4;6;7;6;5;7;6;4;4;7;6;3;7;2;4;7;4;3;4;1;2;4;;;;4;4;;1;1;5;3;;3;;;5;2;1943;78;5.076923077;4.25;4.428571429;2.428571429;4;1.923076923;6;tertiary;7
15;4;6;6;5;6;5;6;5;5;4;5;6;3;6;1;1;2;1;0;1;1;7;3;5;7;2;4;1;6;2;3;5;7;4;2;2;4;5;4;5;4;6;2;4;3;1;2;2;2;5;3;5;3;5;4;4;2;4;;5;2;1960;61;4.307692308;4;5.142857143;2.909090909;4;1.846153846;6;tertiary;7
16;5;6;5;4;5;4;6;3;5;6;6;5;6;5;1;1;1;2;2;2;1;6;4;4;5;5;7;6;4;3;4;4;6;6;2;4;1;3;3;4;3;3;2;3;3;1;2;2;2;5;2;2;;5;5;4;1;3;;5;2;1983;38;4.923076923;2.875;5.071428571;2.4;3.833333333;2.307692308;6;tertiary;10
17;5;4;5;1;3;2;4;2;5;4;5;3;3;3;1;1;2;1;0;1;0;4;6;6;4;6;7;5;3;6;4;5;3;6;2;4;3;4;4;5;3;5;2;4;3;2;2;2;3;4;2;3;2;5;2;3;1;4;;4;1;1957;64;5;3.75;3.5;2.636363636;3.166666667;1.692307692;6;tertiary;6
18;4;4;2;3;4;2;4;2;2;2;5;4;4;3;3;3;3;2;1;1;2;2;5;3;3;5;5;3;3;2;4;3;3;5;3;2;5;5;3;2;2;5;2;2;4;3;3;3;4;5;3;4;3;4;5;3;3;4;;5;1;1995;26;3.538461538;3.375;3.214285714;3.272727273;4;2.769230769;5;tertiary;15
19;2;1;2;1;3;1;1;1;1;2;2;1;3;2;2;2;1;2;0;2;0;7;5;5;6;7;7;4;6;5;5;6;7;7;3;4;4;7;5;7;6;7;2;;;1;1;1;1;5;1;5;;4;4;1;1;4;;4;2;1972;49;5.923076923;5.375;1.642857143;2.125;3;2.153846154;6;tertiary;9
20;2;5;5;6;1;2;5;2;6;6;6;6;6;6;1;2;3;3;2;2;1;6;6;7;7;7;7;6;6;5;3;6;7;6;1;2;1;2;5;6;3;3;2;1;1;1;1;1;2;5;1;4;4;5;5;1;1;5;;5;2;1988;33;6.076923077;2.875;4.571428571;2.090909091;3.666666667;2.461538462;6;tertiary;14
21;4;6;5;2;1;4;5;3;3;5;4;5;4;5;2;2;1;1;2;3;1;6;3;6;5;6;6;3;3;4;4;5;3;5;2;2;4;3;4;4;3;4;3;2;3;3;3;3;2;4;2;3;2;4;2;2;2;1;1;3;1;1944;77;4.538461538;3.25;4;2.727272727;2.142857143;2.384615385;6;tertiary;12
22;1;3;2;1;3;3;3;2;2;5;4;3;4;5;3;2;3;2;3;3;3;6;6;4;6;2;2;4;3;2;3;5;4;4;2;4;4;5;5;4;4;5;3;;;2;2;2;2;5;2;3;;5;3;;3;4;;5;1;1960;61;3.923076923;4.125;2.928571429;2.625;4;3.076923077;6;tertiary;19
23;4;5;5;6;6;6;4;6;4;5;4;4;6;6;1;0;1;2;0;1;0;7;3;4;6;4;6;5;5;3;4;6;5;5;2;3;3;3;2;3;2;3;3;2;4;2;2;3;2;5;4;3;;4;4;1;3;3;;4;2;1963;58;4.846153846;2.625;5.071428571;3;3.166666667;1.461538462;4;secondary;5
24;4;4;3;2;2;3;4;3;2;3;4;5;5;4;2;1;2;0;0;1;0;7;5;6;4;6;5;5;4;3;3;4;5;6;1;1;1;2;3;5;1;5;4;2;3;1;1;1;1;5;1;5;1;4;1;2;1;3;;3;1;1987;34;4.846153846;2.375;3.428571429;2.272727273;2.333333333;1.538461538;4;secondary;6
25;5;5;5;5;5;5;5;4;4;5;5;5;5;5;1;0;1;0;0;0;0;5;6;6;6;6;6;6;6;6;5;5;5;5;1;2;2;4;4;4;4;4;2;3;4;;2;;3;4;3;4;;4;4;4;3;4;2;4;2;1968;53;5.615384615;3.125;4.857142857;3.125;3.571428571;1.307692308;6;tertiary;2
26;4;6;4;5;6;2;3;1;4;4;5;5;4;4;0;0;1;0;1;1;0;6;5;5;6;3;7;3;6;6;5;5;5;6;1;1;2;5;4;3;5;5;2;2;3;1;1;1;1;2;1;3;;5;4;;1;5;4;4;2;1961;60;5.230769231;3.25;4.071428571;1.7;3.833333333;1.384615385;7;tertiary;3
27;5;6;5;6;6;5;6;2;6;6;6;6;6;6;1;1;1;1;1;1;0;6;5;4;7;7;7;5;4;5;5;5;7;5;2;4;1;3;3;5;4;4;2;3;1;1;1;1;1;4;1;3;3;4;3;2;1;4;1;4;2;1973;48;5.538461538;3.25;5.5;1.909090909;2.714285714;1.692307692;6;tertiary;6
28;2;2;2;1;2;2;5;3;3;2;4;4;3;3;1;1;1;1;1;2;1;6;3;2;5;5;5;5;2;3;3;2;5;2;6;3;2;3;3;5;3;3;2;4;4;1;2;2;2;5;3;4;2;5;3;3;2;5;;2;2;1988;33;3.692307692;3.5;2.714285714;2.818181818;3.333333333;1.923076923;5;tertiary;8
29;3;3;2;1;2;4;5;5;1;1;2;2;1;1;3;2;3;3;1;2;1;3;7;5;2;6;2;3;1;2;2;4;2;3;5;4;5;5;5;3;4;6;4;4;4;2;2;2;2;5;3;5;4;4;2;2;2;5;3;3;1;1991;30;3.230769231;4.625;2.357142857;3.363636364;3;2.230769231;4;secondary;15
30;5;6;5;5;6;5;5;5;5;6;5;5;6;6;1;0;1;3;0;1;0;7;6;6;6;7;7;2;7;7;6;6;7;7;3;5;3;6;5;3;5;6;4;2;3;2;2;2;2;5;3;4;2;4;2;4;2;4;1;3;1;1986;35;6.230769231;4.5;5.357142857;2.818181818;2.857142857;1.538461538;6;tertiary;6
31;5;5;6;5;4;2;4;2;5;5;6;5;4;6;3;3;2;3;3;2;1;7;5;6;6;5;2;6;1;5;4;4;5;5;2;2;1;2;5;4;2;4;1;3;5;1;2;2;2;5;3;3;1;5;2;1;1;4;1;4;2;1985;36;4.692307692;2.75;4.571428571;2.545454545;2.571428571;2.846153846;4;secondary;17
32;5;6;5;6;2;5;6;5;6;5;6;6;5;5;1;0;1;1;0;1;0;7;5;6;6;6;5;5;5;7;4;5;6;7;6;1;4;5;4;3;2;6;4;5;3;3;3;3;4;5;3;4;2;5;2;1;1;;3;2;2;1999;22;5.692307692;3.875;5.214285714;3.545454545;2.333333333;1.384615385;4;secondary;4
33;3;5;5;3;1;2;3;2;5;5;4;1;5;3;3;2;3;2;2;3;3;3;2;2;5;4;4;6;5;4;4;6;4;4;3;4;1;2;1;5;1;3;4;3;3;1;1;1;1;5;2;5;2;5;2;4;1;4;;4;2;1985;36;4.076923077;2.5;3.357142857;2.545454545;3.333333333;3;6;tertiary;18
34;3;5;3;2;2;2;5;2;4;5;4;3;4;4;1;1;1;1;1;1;0;4;3;6;5;5;7;4;4;5;4;6;4;6;2;3;6;3;4;3;3;4;1;3;3;1;1;1;1;4;2;4;4;4;4;1;1;3;3;5;2;1973;48;4.846153846;3.5;3.428571429;2.272727273;3;1.615384615;4;secondary;6
35;6;6;5;3;6;1;5;2;3;5;5;5;4;5;1;0;1;0;0;1;0;7;2;2;4;3;3;4;7;7;4;6;7;7;2;2;1;3;5;5;3;4;2;4;4;3;4;2;2;5;3;3;1;5;1;1;2;2;1;4;2;1998;23;4.846153846;3.125;4.357142857;3;2.285714286;1.615384615;4;secondary;3
36;4;5;6;4;6;4;4;3;5;5;5;4;5;6;1;1;0;0;0;1;0;6;3;4;7;6;7;6;7;6;5;5;7;7;6;7;4;3;5;5;4;5;3;4;4;2;3;4;4;5;5;4;3;5;3;3;2;3;;4;2;1977;44;5.846153846;4.875;4.714285714;3.727272727;3.333333333;1.307692308;7;tertiary;3
37;6;6;6;6;6;4;4;4;5;5;5;6;6;6;1;1;1;0;0;0;0;7;6;6;7;2;6;7;6;6;3;6;7;7;3;4;4;4;4;3;4;6;3;3;3;3;3;3;3;4;3;3;5;5;5;4;3;3;;4;1;1971;50;5.846153846;4;5.357142857;3.272727273;4;1.230769231;7;tertiary;3
38;1;2;1;4;6;1;5;3;1;1;2;3;4;1;3;3;3;3;3;3;2;7;7;6;1;7;7;4;1;1;1;5;7;1;2;2;1;4;4;3;3;7;3;4;3;1;2;1;2;4;1;2;1;2;3;3;2;4;1;5;2;1989;32;4.230769231;3.25;2.5;2.181818182;2.857142857;3.384615385;4;secondary;20
39;5;5;5;5;5;3;5;2;5;5;6;6;5;6;1;0;0;1;0;1;0;7;7;7;7;7;7;6;4;5;6;4;6;6;2;6;1;2;5;5;4;5;4;4;4;1;1;1;1;5;1;3;4;5;1;1;1;1;1;4;2;2000;21;6.076923077;3.75;4.857142857;2.636363636;2;1.538461538;4;secondary;3
40;2;2;2;1;1;2;2;1;4;3;4;2;4;2;2;1;3;1;1;1;1;3;2;2;2;3;4;4;1;1;2;2;1;3;2;5;3;5;3;3;4;6;3;4;3;1;2;2;3;5;2;4;2;5;2;4;2;4;;4;2;1994;27;2.307692308;3.875;2.285714286;2.818181818;3.5;2.384615385;5;tertiary;10
41;6;6;5;4;2;3;5;2;4;4;5;6;6;6;1;0;1;0;0;1;0;7;3;6;5;7;7;4;3;2;4;6;6;7;1;1;7;2;3;1;2;7;5;4;4;1;1;1;4;4;3;4;;3;2;2;1;1;;4;2;1992;29;5.153846154;3;4.571428571;3.1;2.166666667;1.461538462;6;tertiary;3
42;3;4;5;1;4;1;6;4;1;1;2;5;2;4;1;0;2;1;0;1;1;3;6;7;1;7;1;4;4;2;1;3;2;2;1;1;4;2;5;2;4;7;2;4;5;3;4;;4;5;;3;2;5;1;1;1;4;5;4;1;1997;24;3.307692308;3.25;3.071428571;3.555555556;3;1.846153846;5;tertiary;6
43;2;2;2;1;3;1;1;1;1;2;2;1;3;2;0;0;0;0;0;1;0;6;6;6;5;6;6;5;6;6;5;5;6;7;3;5;4;2;2;5;3;4;2;4;4;3;4;2;3;5;2;2;1;4;4;1;3;4;1;4;1;1975;46;5.769230769;3.5;1.714285714;2.909090909;3;1.384615385;6;tertiary;1
44;5;6;5;4;6;4;6;5;5;5;5;4;6;6;0;0;1;0;0;1;0;7;6;5;6;6;6;4;6;7;5;6;6;7;3;5;4;5;4;3;3;6;3;;;1;2;2;1;4;;4;;5;;2;;;;;1;1987;34;5.923076923;4.125;5.142857143;2.428571429;3.5;1.230769231;4;secondary;2
45;4;5;4;2;3;2;3;2;4;3;5;6;2;3;3;2;3;1;1;2;1;7;5;5;3;6;4;2;2;5;3;3;3;6;2;2;2;3;3;4;2;6;2;;;1;2;;;;;;;5;2;;;4;;4;2;1972;49;4.153846154;3;3.428571429;1.666666667;3.75;2.384615385;5;tertiary;13
46;5;6;5;2;4;1;4;1;3;5;3;4;4;5;0;0;0;0;0;1;0;6;7;5;5;7;7;5;6;4;5;5;6;6;3;4;4;5;5;4;3;6;3;4;3;1;1;1;2;4;1;2;1;5;2;1;1;3;1;3;1;1973;48;5.692307692;4.25;3.714285714;2.090909091;2.285714286;1.153846154;6;tertiary;1
47;2;3;3;4;2;1;2;2;4;4;6;5;4;5;2;1;1;1;2;2;2;6;5;4;4;3;6;5;6;5;3;6;5;5;4;2;3;5;5;6;4;5;2;3;3;1;3;2;3;4;2;4;3;5;2;1;2;4;;3;2;1978;43;4.846153846;4.25;3.357142857;2.727272727;2.833333333;2.153846154;7;tertiary;11
48;4;5;5;2;3;3;4;3;4;5;4;3;5;4;1;0;0;0;0;0;0;6;6;6;5;6;6;4;6;5;6;6;5;6;2;1;5;6;6;4;5;5;3;4;3;4;4;4;5;5;4;4;4;4;4;;4;4;;4;1;1963;58;5.615384615;4.25;3.857142857;4;4;1.076923077;6;tertiary;1
49;1;6;4;4;4;2;4;2;4;3;5;5;5;6;1;1;2;0;1;1;1;6;3;4;6;5;6;4;4;3;5;5;6;3;2;3;4;6;3;3;4;7;2;2;3;3;3;3;3;4;3;3;1;5;1;1;3;2;1;4;2;1964;57;4.615384615;4;3.928571429;2.727272727;2.428571429;1.692307692;6;tertiary;7
50;1;4;3;1;1;1;5;1;1;3;1;3;2;3;1;1;1;1;0;1;2;3;5;3;4;5;2;5;3;3;2;4;3;3;2;2;3;3;3;5;3;3;1;4;4;1;1;1;3;5;3;3;4;4;;;2;4;;4;1;1972;49;3.461538462;3;2.142857143;2.727272727;3.5;1.923076923;4;secondary;7
51;4;5;4;2;1;2;2;1;2;4;2;5;4;2;3;3;2;0;1;1;1;4;3;3;5;6;3;5;1;2;3;3;2;2;2;1;4;3;4;5;4;5;3;2;3;2;2;2;3;5;3;;;5;1;1;2;2;;1;1;1993;28;3.230769231;3.5;2.857142857;2.777777778;2;2.076923077;4;secondary;11
52;3;4;3;4;4;5;4;2;4;4;3;4;3;5;1;1;1;2;1;2;2;3;5;6;6;6;6;6;5;5;5;3;6;5;2;5;2;5;3;2;3;5;2;4;4;1;2;1;2;4;3;4;3;3;3;1;1;4;;4;1;1989;32;5.153846154;3.375;3.714285714;2.727272727;2.666666667;2;6;tertiary;10
53;4;5;5;4;1;3;6;4;5;5;5;5;4;5;1;0;0;0;1;1;0;5;3;3;6;6;4;5;5;6;5;5;6;5;2;4;4;4;4;4;4;6;3;3;3;3;3;3;3;4;3;3;3;5;2;1;2;4;1;4;2;1962;59;4.923076923;4;4.357142857;3.090909091;2.714285714;1.384615385;6;tertiary;3
54;5;6;6;5;1;5;4;3;5;6;4;4;6;6;0;0;0;0;0;1;0;6;6;6;7;7;7;7;7;7;7;6;7;7;3;5;5;5;5;3;5;6;2;4;4;2;3;2;3;5;3;3;;4;;;2;;;3;1;1967;54;6.692307692;4.625;4.714285714;3.1;3;1.230769231;6;tertiary;1
55;3;5;4;3;1;2;1;2;2;3;5;5;3;5;0;0;1;0;0;1;0;5;6;6;5;3;3;5;6;5;4;1;5;5;2;5;3;5;4;3;2;3;3;4;4;2;2;2;4;5;1;2;1;4;1;1;1;4;1;4;2;1999;22;4.538461538;3.375;3.142857143;2.727272727;2.285714286;1.153846154;4;secondary;2
56;3;3;1;1;2;1;2;1;2;2;4;2;4;2;1;1;1;0;0;1;0;2;4;4;6;3;4;4;5;7;4;4;6;4;3;4;1;2;2;2;3;3;3;;2;1;1;1;1;4;3;3;3;5;2;1;1;2;;2;2;1980;41;4.384615385;2.5;2.142857143;2.2;2.166666667;1.692307692;6;tertiary;4
57;3;3;4;4;5;2;4;1;4;4;3;4;2;4;2;2;2;2;2;3;2;6;4;6;5;4;6;5;5;3;5;5;6;6;2;2;2;1;3;2;2;2;3;;3;4;4;4;4;5;4;;;4;4;4;3;5;;4;1;1981;40;5.076923077;2;3.357142857;3.875;4;2.615384615;4;secondary;15
58;5;6;5;4;6;4;4;3;4;5;4;4;2;4;0;1;1;0;0;1;0;3;5;6;5;6;6;5;6;7;6;3;5;7;5;4;1;1;4;1;4;2;3;3;3;1;2;1;2;4;2;3;1;5;;3;1;2;;5;2;1994;27;5.384615385;2.75;4.285714286;2.272727273;3.2;1.384615385;5;tertiary;3
59;4;5;2;4;3;2;2;5;2;3;1;2;4;2;1;2;3;2;0;0;1;5;5;5;2;3;5;3;4;4;2;4;4;4;2;2;3;3;5;4;3;4;3;5;4;3;3;3;3;5;3;4;2;4;;;3;4;;4;1;1993;28;3.846153846;3.25;2.928571429;3.454545455;3.75;1.846153846;4;secondary;9
60;1;1;1;1;1;1;1;1;1;1;2;1;1;1;3;3;3;3;1;2;0;3;3;3;5;3;3;3;3;3;2;4;3;3;1;1;7;2;2;4;2;3;3;1;1;1;1;1;1;4;1;1;1;5;2;1;1;1;1;4;1;1972;49;3.153846154;2.75;1.071428571;1.454545455;2.142857143;2.615384615;5;tertiary;15
61;6;6;6;6;5;6;6;5;6;6;6;5;6;6;1;1;2;0;0;1;1;6;6;5;5;6;7;6;7;7;6;3;7;2;3;5;4;3;4;2;4;5;3;4;4;1;1;1;2;3;2;2;2;5;4;1;1;4;1;5;1;1984;37;5.615384615;3.75;5.785714286;2.272727273;3;1.461538462;4;secondary;6
62;2;2;2;1;2;2;5;2;3;3;4;4;5;4;2;1;2;3;1;2;1;3;2;2;6;4;5;3;4;3;3;3;5;5;2;2;1;3;2;2;2;3;3;4;3;2;3;1;2;5;2;3;1;1;1;1;1;2;1;3;2;1987;34;3.692307692;2.125;2.928571429;2.636363636;1.428571429;2.615384615;3;primary;12
63;6;6;6;5;5;4;4;3;4;5;6;5;5;6;1;1;1;1;0;1;0;7;3;6;6;5;7;5;6;6;6;4;6;6;2;5;5;4;5;5;4;3;3;4;3;3;3;2;3;4;3;3;1;5;4;4;3;5;1;4;2;1978;43;5.615384615;4.125;5;2.909090909;3.714285714;1.769230769;4;secondary;5
64;5;6;5;5;4;5;5;4;5;5;5;6;6;6;1;1;1;3;2;1;1;6;5;5;7;6;7;6;6;6;6;6;6;6;4;4;4;5;6;6;5;5;2;3;3;2;2;2;2;5;3;4;2;5;4;3;2;5;2;5;2;1966;55;6;4.875;5.142857143;2.727272727;3.714285714;2.076923077;6;tertiary;10
65;2;4;3;3;5;1;1;1;3;2;5;2;2;1;2;1;1;0;0;1;1;6;3;2;4;4;3;3;2;3;2;6;3;5;2;4;2;3;3;6;4;5;2;3;3;1;1;1;1;3;1;2;1;5;3;3;2;3;4;3;2;1997;24;3.538461538;3.625;2.5;1.727272727;3.285714286;1.846153846;4;secondary;6
66;2;2;1;3;1;1;3;2;2;1;5;5;2;5;2;2;3;2;1;1;2;2;7;3;5;5;3;1;1;1;3;4;3;1;2;1;7;5;4;6;3;6;3;2;2;1;;1;4;5;;;4;4;1;1;1;1;5;5;2;1998;23;3;4.25;2.5;2.75;2.571428571;2.461538462;4;secondary;13
67;6;6;5;2;4;3;4;2;5;5;5;5;5;5;1;1;1;0;0;1;1;3;3;4;4;6;3;4;3;3;6;5;6;6;3;5;1;2;3;6;2;2;4;3;3;1;2;2;3;4;2;2;1;5;1;5;1;1;1;5;2;1999;22;4.307692308;3;4.428571429;2.454545455;2.714285714;1.615384615;4;secondary;5
68;5;6;6;6;6;4;6;4;6;6;6;4;5;6;1;0;1;0;1;0;1;5;6;6;7;6;7;6;7;7;6;4;7;7;4;5;2;3;5;7;6;5;4;;3;1;3;;4;5;;4;;5;3;;4;4;;5;2;1970;51;6.230769231;4.625;5.428571429;3.428571429;4.2;1.615384615;5;tertiary;4
69;5;6;5;5;5;2;4;2;5;5;5;5;4;5;1;1;1;1;1;1;1;5;2;3;6;4;4;4;4;3;3;5;5;5;3;3;3;3;4;2;3;4;3;4;3;1;2;1;3;4;3;3;2;5;2;3;2;3;3;4;2;1964;57;4.076923077;3.125;4.5;2.636363636;3.142857143;1.846153846;4;secondary;7
70;4;5;5;2;2;1;2;1;4;5;3;2;3;2;1;0;1;1;0;2;1;5;3;3;6;7;7;7;5;4;4;5;6;6;1;2;5;5;5;2;1;3;2;3;3;3;3;3;3;4;3;2;1;5;2;2;2;2;2;5;2;1988;33;5.230769231;3;2.928571429;2.727272727;2.857142857;1.769230769;5;tertiary;6
71;1;6;2;6;1;5;2;1;6;3;5;3;6;1;3;3;1;0;0;2;3;7;1;2;4;1;1;2;4;7;1;6;7;7;1;3;3;2;6;1;2;1;1;4;3;1;1;1;1;5;3;1;3;3;3;5;;5;;3;2;1985;36;3.846153846;2.375;3.428571429;2.181818182;3.8;2.538461538;4;secondary;12
72;4;3;3;4;2;3;3;3;3;4;3;3;3;3;1;1;1;2;1;1;1;3;4;6;6;3;3;3;3;3;4;5;4;4;2;3;4;2;2;5;2;4;1;3;3;4;4;3;4;5;2;5;1;4;2;1;3;4;1;3;1;1988;33;3.923076923;3;3.142857143;3.181818182;2.571428571;1.692307692;4;secondary;8
73;5;4;5;2;5;5;5;4;3;4;5;4;5;4;1;1;1;1;0;1;0;6;6;7;6;6;6;4;5;4;6;4;6;5;2;4;4;5;5;6;5;5;3;;3;1;2;2;2;5;3;3;;5;3;3;;;;4;2;1988;33;5.461538462;4.5;4.285714286;2.666666667;3.75;1.461538462;6;tertiary;5
74;3;5;4;4;1;4;4;3;5;6;4;5;4;6;1;0;1;1;0;1;0;6;5;5;6;5;6;4;6;5;3;4;5;6;6;4;4;5;4;5;4;6;2;3;3;2;3;2;3;5;2;3;1;4;3;3;2;2;2;4;2;1973;48;5.076923077;4.75;4.142857143;2.636363636;2.857142857;1.538461538;4;secondary;4
75;5;5;4;3;5;3;3;3;4;4;4;4;4;4;1;1;1;1;1;1;0;1;3;2;6;6;5;3;3;4;4;5;3;6;3;2;2;3;3;4;2;5;4;4;4;2;2;1;2;5;1;3;1;5;;4;2;4;;4;2;1990;31;3.923076923;3;3.928571429;2.636363636;3.8;1.846153846;4;secondary;6
76;2;2;3;2;1;2;3;2;3;6;6;5;3;3;3;2;3;3;3;2;3;4;3;3;5;4;4;4;4;2;1;5;4;5;4;5;5;6;5;5;5;6;3;3;4;2;2;2;2;5;2;3;3;3;2;2;2;3;2;3;2;1971;50;3.692307692;5.125;3.071428571;2.818181818;2.428571429;3;6;tertiary;19
77;5;6;6;2;1;1;4;2;6;6;5;6;5;6;1;1;1;0;1;1;1;5;2;6;2;4;6;4;2;7;6;4;7;7;1;5;1;2;3;3;2;3;1;3;3;2;2;2;3;3;2;3;1;4;2;2;2;2;1;4;2;1976;45;4.769230769;2.5;4.357142857;2.272727273;2.428571429;1.923076923;3;primary;6
78;3;3;3;2;4;2;2;2;3;5;4;3;3;4;1;0;1;0;0;1;0;5;2;2;5;5;4;5;3;6;3;5;3;6;3;5;3;5;5;5;2;5;3;3;2;3;4;2;4;4;3;3;2;4;;2;3;3;;4;2;1995;26;4.153846154;4.125;3.071428571;3;3.2;1.384615385;6;tertiary;3
79;4;6;4;5;6;2;2;1;6;6;6;6;6;6;1;1;1;2;0;1;1;5;6;5;6;2;6;2;5;5;5;5;5;7;2;5;6;2;6;2;6;3;1;2;2;1;1;1;1;2;1;2;1;3;1;3;1;3;1;3;1;1981;40;4.923076923;4;4.714285714;1.363636364;2.142857143;1.846153846;7;tertiary;7
80;4;4;6;2;5;3;5;2;3;3;5;3;3;6;1;0;0;1;0;1;0;5;6;6;4;7;5;4;5;5;5;4;6;6;4;1;4;4;4;4;4;5;2;5;3;1;2;1;2;4;2;4;3;5;4;3;2;3;3;4;2;1965;56;5.230769231;3.75;3.857142857;2.636363636;3.428571429;1.615384615;6;tertiary;3
81;4;3;4;3;4;2;5;1;4;4;4;5;4;4;2;2;2;1;2;1;2;6;5;5;4;5;6;5;3;3;3;4;5;6;4;5;4;5;5;5;5;6;3;1;2;1;2;1;2;5;3;4;;4;2;1;2;4;;4;2;1973;48;4.615384615;4.875;3.642857143;2.4;2.833333333;2.538461538;5;tertiary;12
82;5;6;6;1;1;2;3;1;5;6;3;5;6;5;0;0;0;0;0;0;0;4;6;6;6;7;7;5;6;6;7;6;6;6;3;4;3;5;5;4;3;5;3;2;2;1;2;1;1;5;1;2;1;3;2;1;1;2;1;3;2;1976;45;6;4;3.928571429;1.909090909;1.857142857;1.153846154;5;tertiary;0
83;5;5;5;5;5;2;2;2;4;5;5;4;5;5;1;0;1;0;0;0;1;6;2;2;6;5;7;6;7;7;6;6;7;7;2;2;2;3;3;6;3;4;2;2;4;1;1;1;1;5;1;1;1;5;1;3;1;4;1;2;1;1979;42;5.692307692;3.125;4.214285714;1.818181818;2.428571429;1.230769231;6;tertiary;3
84;5;5;5;5;6;4;4;4;5;5;6;5;5;5;1;0;1;0;0;1;0;7;6;6;6;7;7;6;7;6;6;6;7;7;3;7;5;4;5;6;4;5;4;4;4;;;;3;5;4;4;5;4;4;4;4;5;4;5;1;1965;56;6.461538462;4.875;4.928571429;4.125;4.285714286;1.461538462;6;tertiary;3
85;5;6;5;5;5;4;4;2;6;5;4;5;5;5;0;0;1;0;1;0;1;4;2;4;5;7;6;4;4;3;5;5;7;4;3;5;2;4;4;2;2;4;2;2;3;3;3;3;3;4;3;3;3;4;3;3;2;4;;4;2;2001;20;4.615384615;3.25;4.714285714;2.909090909;3.333333333;1.461538462;4;secondary;3
86;6;6;6;6;6;2;5;3;6;5;5;6;6;6;0;0;0;1;0;0;0;1;4;4;5;7;5;2;6;7;4;6;6;7;5;4;4;7;5;4;4;4;1;3;5;1;1;1;1;3;2;3;2;5;4;2;1;;;2;2;1973;48;4.923076923;4.625;5.285714286;2.090909091;2.8;1.153846154;5;tertiary;1
87;4;6;4;3;3;3;5;3;5;6;4;5;6;6;1;1;1;2;0;1;0;7;6;3;6;6;5;2;3;3;3;4;7;6;3;2;1;2;2;3;1;2;3;5;3;1;2;1;2;5;1;3;1;5;2;4;2;5;1;3;2;1992;29;4.692307692;2;4.5;2.454545455;3.142857143;1.923076923;6;tertiary;6
88;5;6;5;5;5;1;2;2;5;5;5;5;5;5;1;1;1;0;0;0;0;6;2;2;6;4;6;6;7;7;6;5;6;7;1;3;2;5;3;5;2;4;2;2;3;1;1;1;1;5;1;2;1;4;1;3;1;3;1;3;1;1979;42;5.384615385;3.125;4.357142857;1.818181818;2.285714286;1.307692308;6;tertiary;3
89;1;2;2;2;1;1;2;2;2;5;2;4;5;2;3;2;1;3;2;3;1;3;4;4;3;5;2;3;1;1;5;4;2;2;2;3;1;3;2;7;3;2;2;4;3;1;1;2;2;4;2;4;1;3;2;4;2;5;;3;2;1985;36;3;2.875;2.357142857;2.363636364;3.166666667;2.846153846;6;tertiary;15
90;5;5;5;3;2;3;4;3;4;3;5;5;3;5;1;0;1;0;0;0;1;4;6;6;4;6;6;5;6;6;5;4;6;6;4;1;4;5;4;4;4;6;2;3;3;3;3;3;3;3;3;3;1;5;3;3;2;3;1;4;1;1994;27;5.384615385;4;3.928571429;2.727272727;3;1.307692308;5;tertiary;3
91;3;3;4;3;3;3;2;2;3;6;3;4;6;6;1;1;1;1;1;2;1;5;2;4;6;7;5;6;6;5;4;5;5;4;3;3;5;4;4;5;4;4;1;3;3;2;2;2;3;4;1;4;1;5;3;1;1;4;1;3;1;1975;46;4.923076923;4;3.642857143;2.363636364;2.571428571;1.846153846;6;tertiary;8
92;5;5;4;4;4;2;2;2;3;3;3;3;5;4;2;2;3;3;2;2;1;6;4;6;6;6;3;4;5;2;4;4;4;2;3;4;4;3;4;3;3;4;;;3;2;2;2;2;5;2;4;;2;1;4;1;2;2;3;2;1980;41;4.307692308;3.5;3.5;2.75;2.142857143;3.076923077;4;secondary;15
93;5;6;6;5;5;4;5;4;5;5;5;5;5;6;1;1;1;0;1;0;0;7;5;5;6;7;7;6;7;5;6;5;6;5;4;4;4;4;5;2;4;4;2;3;4;1;1;2;1;4;1;3;1;4;3;3;3;3;1;2;1;1988;33;5.923076923;3.875;5.071428571;2.090909091;2.714285714;1.384615385;4;secondary;4
94;3;3;3;4;3;4;4;2;5;5;5;5;5;4;1;0;1;2;1;1;0;7;3;4;6;3;7;2;7;5;5;4;7;4;3;5;3;3;3;5;2;4;2;2;2;1;1;1;2;3;4;4;;4;2;1;1;4;;3;2;1983;38;4.923076923;3.5;3.928571429;2.2;2.5;1.615384615;6;tertiary;6
95;5;6;6;4;6;6;6;6;6;6;6;6;6;6;0;0;1;2;0;0;0;6;6;7;6;7;6;6;7;7;6;5;7;6;4;3;3;5;2;2;4;6;3;4;3;1;2;1;2;4;2;4;3;5;3;2;2;5;1;5;1;1989;32;6.307692308;3.625;5.785714286;2.636363636;3.285714286;1.230769231;6;tertiary;3
96;5;5;5;2;2;1;4;2;5;5;4;5;5;5;0;0;1;0;0;0;0;6;5;5;4;7;4;4;4;6;5;6;5;6;3;1;4;3;2;3;3;5;3;1;3;3;3;3;4;5;3;4;5;5;3;3;2;3;;4;2;1965;56;5.153846154;3;3.928571429;3.363636364;3.333333333;1.153846154;6;tertiary;1
97;3;6;5;5;5;2;4;4;4;6;5;4;5;5;1;1;3;0;0;1;1;5;4;4;5;6;6;5;3;3;6;4;5;6;2;2;3;3;4;6;4;5;2;3;3;2;2;2;2;5;2;3;1;5;3;3;2;3;1;4;2;1986;35;4.769230769;3.625;4.5;2.454545455;3;1.923076923;6;tertiary;7
98;4;6;4;5;5;4;3;5;4;3;5;6;5;4;1;1;1;1;0;0;0;6;4;4;6;5;5;4;5;3;5;3;5;6;2;3;4;5;3;3;3;6;4;4;3;2;2;2;2;4;3;4;1;5;4;2;1;4;1;4;1;1991;30;4.692307692;3.625;4.5;2.818181818;3;1.384615385;7;tertiary;4
99;4;6;4;3;4;2;3;2;3;1;5;5;4;5;3;2;1;2;1;1;1;6;4;4;5;5;1;2;1;1;2;2;2;1;2;1;3;4;4;2;3;7;4;4;3;2;2;2;3;5;3;5;;5;3;3;1;4;3;4;2;1958;63;2.769230769;3.25;3.642857143;3.3;3.285714286;2.461538462;7;tertiary;11
100;5;6;5;2;1;1;2;2;1;3;4;1;3;3;1;1;1;1;1;1;0;7;4;5;6;7;7;4;7;7;2;5;7;6;2;1;3;4;4;3;1;4;4;4;2;1;1;1;1;4;3;3;2;5;2;1;2;4;;4;2;1991;30;5.692307692;2.75;2.785714286;2.363636364;3;1.615384615;6;tertiary;6
101;4;5;4;5;4;1;3;1;4;4;5;2;3;4;2;1;0;1;0;2;0;7;6;6;4;6;4;3;3;6;6;5;5;4;1;2;1;2;3;1;1;3;2;1;1;1;1;1;1;4;1;2;3;4;1;1;1;1;;4;2;1995;26;5;1.75;3.5;1.636363636;2;1.615384615;4;secondary;6
102;5;6;5;5;6;2;6;2;5;3;5;6;3;6;1;0;0;0;0;1;0;7;5;5;4;6;7;6;4;6;4;2;6;5;2;5;1;6;4;3;5;7;2;4;4;1;1;;1;5;;3;;4;3;1;1;3;;5;2;1989;32;5.153846154;4.125;4.642857143;2.625;2.833333333;1.461538462;5;tertiary;2
103;2;4;4;1;5;5;3;4;3;4;5;4;4;3;1;1;1;0;0;1;0;5;3;2;2;3;1;3;2;1;1;3;1;2;2;1;1;2;2;1;5;3;2;3;2;1;2;2;2;4;2;4;5;3;2;2;2;2;;5;2;1998;23;2.230769231;2.125;3.642857143;2.636363636;2.666666667;2.153846154;5;tertiary;4
104;4;6;5;4;4;3;5;3;4;4;3;5;4;4;2;1;2;1;1;1;1;3;3;5;6;7;7;3;7;6;6;6;7;7;1;1;1;3;3;5;4;4;3;2;2;1;1;1;2;4;3;2;;5;4;3;2;2;;5;2;1974;47;5.615384615;2.75;4.142857143;2.1;3.5;2.076923077;6;tertiary;9
105;5;6;5;5;4;4;4;4;5;5;5;4;5;5;1;1;1;1;1;1;0;7;6;6;6;7;6;4;6;6;6;6;7;6;2;2;2;5;3;5;5;5;4;;;1;1;1;1;4;1;4;;4;4;4;3;4;;4;1;1978;43;6.076923077;3.625;4.714285714;2.125;3.833333333;1.538461538;6;tertiary;6
106;4;6;3;3;2;3;2;2;5;5;3;4;4;3;1;1;2;1;1;0;1;3;6;3;4;5;4;4;3;5;3;3;6;4;2;5;2;7;5;2;6;6;2;1;1;1;1;1;1;3;1;1;1;5;4;2;1;3;;3;2;1990;31;4.076923077;4.375;3.5;1.272727273;3;1.769230769;6;tertiary;7
107;4;5;5;3;2;2;2;2;4;4;4;4;5;5;1;1;1;1;1;1;1;4;5;5;5;6;4;4;4;5;5;4;5;6;4;4;4;4;4;4;4;4;1;2;2;2;2;2;2;4;3;3;1;4;1;1;1;3;1;3;1;1985;36;4.769230769;4;3.642857143;2.181818182;2;2;6;tertiary;7
108;3;6;5;6;4;6;4;2;4;5;4;5;4;6;3;2;1;2;1;3;1;5;3;3;5;4;3;7;4;3;3;4;6;6;3;2;1;4;4;3;3;4;2;3;1;1;1;1;1;4;1;2;1;4;3;2;1;4;4;5;2;1994;27;4.307692308;3;4.571428571;1.636363636;3.285714286;2.538461538;5;tertiary;13
109;5;6;6;3;1;1;5;4;6;6;5;6;6;6;0;0;0;0;0;0;0;5;5;5;6;6;6;7;7;7;6;4;7;7;3;2;3;6;5;3;6;7;3;3;3;3;3;3;3;3;3;3;3;5;3;3;3;3;1;4;2;1982;39;6;4.375;4.714285714;3;3.142857143;1.076923077;4;secondary;0
110;5;6;5;1;4;5;5;4;5;4;5;3;2;5;1;0;1;1;0;1;0;6;7;7;4;6;6;5;4;6;6;5;6;6;2;5;3;4;4;3;3;5;2;2;2;2;2;2;2;3;2;2;2;4;4;3;1;5;1;4;2;1978;43;5.692307692;3.625;4.214285714;2.090909091;3.142857143;1.461538462;6;tertiary;4
111;5;6;5;3;3;3;5;3;4;4;4;4;3;4;1;1;1;2;1;1;1;7;6;6;7;7;6;5;6;7;7;6;7;7;1;6;2;2;3;7;3;4;2;3;3;2;2;2;3;5;3;3;2;5;3;1;2;4;2;3;1;1958;63;6.461538462;3.5;4;2.727272727;2.857142857;1.923076923;6;tertiary;8
112;6;6;6;1;6;6;6;6;6;6;6;5;6;6;0;0;0;0;0;0;0;7;5;5;4;6;6;5;7;7;6;5;7;7;3;1;6;7;7;3;4;7;2;2;4;2;2;2;3;4;2;2;1;5;1;1;1;5;1;5;1;1976;45;5.923076923;4.75;5.571428571;2.363636364;2.714285714;1;6;tertiary;0
113;5;6;5;6;5;5;6;5;4;5;5;5;5;6;1;1;1;2;1;1;0;7;7;6;7;7;7;5;6;7;6;5;6;6;4;6;5;5;5;4;5;6;3;3;3;2;2;1;2;5;4;4;3;3;3;2;2;4;3;3;1;1958;63;6.307692308;5;5.214285714;2.909090909;2.857142857;1.615384615;6;tertiary;7
114;3;6;5;2;6;1;2;2;4;6;4;6;5;6;0;0;2;0;2;1;0;4;1;3;5;4;5;3;4;3;3;4;4;6;2;2;2;2;2;1;2;3;4;4;4;1;1;1;1;5;1;4;1;4;4;1;1;1;1;4;1;1983;38;3.769230769;2;4.142857143;2.454545455;2.285714286;1.538461538;6;tertiary;5
115;4;4;6;5;5;5;5;4;5;6;4;4;5;6;1;1;1;0;1;1;0;4;5;6;5;6;6;5;6;5;5;6;7;7;3;7;7;7;7;6;6;4;2;3;3;3;3;3;3;4;3;4;3;4;3;3;4;4;3;3;1;1959;62;5.615384615;5.875;4.857142857;3.090909091;3.428571429;1.615384615;6;tertiary;5
116;2;5;5;4;1;1;1;1;6;6;6;6;6;6;0;0;1;0;0;0;0;2;5;6;7;5;7;3;6;6;7;5;5;7;1;7;4;5;2;1;4;7;3;2;3;1;1;1;1;3;1;3;1;3;1;1;1;2;1;3;2;1980;41;5.461538462;3.875;4;1.818181818;1.714285714;1.384615385;6;tertiary;1
117;5;5;5;2;1;1;2;2;2;6;5;1;2;2;1;0;1;0;0;0;0;4;5;6;5;7;6;6;6;6;5;6;6;7;1;4;4;6;5;5;3;4;3;;;3;3;3;3;4;3;4;;5;4;3;3;4;;4;2;1982;39;5.769230769;4;2.928571429;3.25;3.833333333;1.307692308;6;tertiary;2
118;3;5;5;5;4;2;2;2;2;4;4;6;6;6;3;3;3;3;2;2;1;7;6;3;7;5;6;6;5;1;1;6;6;1;2;6;3;3;2;4;4;5;4;;;1;2;1;2;5;2;5;1;3;1;5;1;4;1;5;2;1993;28;4.615384615;3.625;4;2.555555556;2.857142857;3.384615385;6;tertiary;17
119;3;2;1;1;2;1;2;1;2;2;3;1;1;1;1;1;0;2;1;0;2;6;5;3;3;3;1;3;2;2;3;3;2;2;2;2;2;2;2;2;3;3;3;3;3;2;3;3;3;4;3;3;1;4;2;2;2;3;1;5;1;1997;24;2.923076923;2.25;1.642857143;2.818181818;2.714285714;2.153846154;5;tertiary;7
120;4;5;4;3;3;3;6;2;4;4;4;4;5;4;1;1;2;1;1;1;1;7;5;5;4;4;3;5;3;3;3;3;2;2;3;2;3;5;4;2;3;5;3;3;3;1;2;3;3;3;3;3;3;3;2;3;1;4;;3;2;1994;27;3.769230769;3.375;3.928571429;2.727272727;2.666666667;2;5;tertiary;8
121;4;5;5;4;4;4;3;4;4;3;4;4;4;5;1;0;1;2;0;1;0;5;6;6;5;1;6;4;5;3;6;5;5;7;2;1;5;3;2;3;2;6;4;5;4;3;3;3;4;5;3;3;2;5;2;2;3;4;2;3;1;1984;37;4.923076923;3;4.071428571;3.545454545;3;1.538461538;6;tertiary;5
122;6;6;6;5;5;5;5;5;5;5;6;6;6;6;0;0;0;0;0;0;0;6;5;5;7;6;5;6;6;6;5;4;5;6;2;4;3;5;5;4;5;6;2;;4;1;2;2;2;5;3;3;;5;5;1;2;5;;5;1;1949;72;5.538461538;4.25;5.5;2.666666667;3.833333333;1.076923077;6;tertiary;0
123;4;6;6;6;4;2;6;5;6;4;6;5;5;6;1;1;1;2;0;1;0;7;4;6;5;3;4;4;5;2;3;6;6;3;2;1;2;2;1;3;2;6;4;4;4;1;1;1;3;4;2;3;1;5;2;1;2;5;1;4;2;1984;37;4.461538462;2.375;5.071428571;2.545454545;2.857142857;1.692307692;6;tertiary;6
124;2;2;3;1;1;1;1;2;3;6;2;4;3;2;1;1;0;2;1;2;0;6;2;2;7;5;7;7;6;4;4;4;6;4;2;4;6;4;3;3;2;4;2;3;3;3;3;2;3;4;3;1;1;5;2;2;1;3;3;3;2;1976;45;4.923076923;3.5;2.357142857;2.545454545;2.714285714;1.615384615;4;secondary;7
125;5;6;5;5;1;1;4;1;6;6;5;5;4;6;2;1;1;3;1;3;1;6;1;1;7;4;6;5;4;2;4;5;4;5;2;7;3;4;5;2;4;5;2;;3;1;1;1;1;4;3;3;1;5;1;3;2;5;1;5;2;1970;51;4.153846154;4;4.285714286;2;3.142857143;2.384615385;4;secondary;12
126;5;6;5;5;6;1;5;1;3;5;5;5;5;6;3;2;2;3;3;2;2;7;1;4;7;5;4;4;6;6;3;6;5;6;2;2;1;2;4;4;3;3;2;2;2;1;1;2;2;4;2;3;2;5;4;3;2;4;;5;2;1960;61;4.923076923;2.625;4.5;2.090909091;3.833333333;2.538461538;4;secondary;17
127;5;5;5;4;5;3;3;2;3;4;5;3;3;3;1;1;1;1;0;1;0;7;5;6;6;7;6;3;4;6;6;5;6;5;2;2;3;3;3;5;3;3;2;3;3;2;2;2;3;4;3;4;2;5;4;3;2;4;1;4;2;1978;43;5.538461538;3;3.785714286;2.727272727;3.285714286;1.384615385;5;tertiary;5
128;4;4;4;3;4;3;5;2;6;5;6;5;5;5;1;0;0;1;0;1;1;3;6;6;6;6;5;6;3;3;3;6;5;6;2;1;4;5;3;3;5;5;1;3;4;4;4;4;4;5;4;4;;3;1;1;1;4;1;4;1;1993;28;4.923076923;3.5;4.357142857;3.7;2.142857143;1.692307692;6;tertiary;4
129;3;5;3;5;2;1;4;2;4;3;4;6;5;5;2;1;1;2;2;1;1;6;3;5;6;6;3;3;5;5;4;5;6;3;3;5;5;4;5;3;5;7;3;2;2;1;2;2;2;4;3;3;;5;1;3;2;2;;4;2;1962;59;4.615384615;4.625;3.714285714;2.4;2.833333333;2.076923077;4;secondary;10
130;6;6;6;6;5;3;2;2;5;5;6;6;4;6;1;1;1;2;1;1;0;7;4;4;7;7;6;5;6;6;6;5;7;5;3;4;4;3;5;2;3;3;3;;;1;2;1;1;4;1;;;5;;;1;5;;5;2;1973;48;5.769230769;3.375;4.857142857;1.857142857;4;1.615384615;6;tertiary;7
131;4;6;4;6;6;4;4;2;4;6;4;4;3;6;1;1;1;2;2;1;1;6;4;6;5;6;5;4;5;4;4;4;6;4;2;4;3;3;3;6;2;3;3;3;4;2;2;2;2;5;3;3;1;5;4;;2;5;;5;2;1973;48;4.846153846;3.25;4.5;2.727272727;4.2;2.076923077;4;secondary;9
132;5;5;5;5;6;4;3;4;4;5;5;5;5;5;1;1;1;0;1;1;1;5;3;4;6;6;5;6;5;6;6;4;6;6;4;6;4;4;4;6;3;4;3;4;4;3;3;3;3;5;3;4;;5;2;2;3;4;;4;2;1955;66;5.230769231;4.375;4.714285714;3.5;3.333333333;1.461538462;6;tertiary;6
133;6;6;6;4;5;2;5;2;5;4;6;4;3;5;1;1;1;2;0;1;1;5;4;6;5;5;4;5;5;7;4;5;5;5;5;6;1;2;2;3;1;1;1;2;2;1;1;2;2;3;2;2;3;5;4;3;1;;;5;2;1988;33;5;2.625;4.5;1.909090909;3.6;1.846153846;4;secondary;7
134;4;6;5;5;5;3;2;2;5;6;3;5;6;5;1;0;1;1;1;1;0;5;3;6;7;5;7;5;6;5;6;3;7;5;5;5;2;4;5;6;6;7;2;4;2;1;2;1;3;3;3;4;2;5;3;4;2;2;;4;1;1970;51;5.384615385;5;4.428571429;2.454545455;3.333333333;1.769230769;6;tertiary;5
135;4;5;4;2;6;1;3;2;4;4;6;5;4;3;2;1;1;2;1;1;1;6;4;5;4;6;5;4;4;4;4;5;5;5;2;2;4;3;5;4;3;5;2;4;3;1;2;1;2;5;1;3;;5;;3;1;3;;5;2;1992;29;4.692307692;3.5;3.785714286;2.4;3.4;2.230769231;6;tertiary;9
136;4;5;5;3;3;2;4;2;2;6;6;4;5;4;2;1;1;1;0;1;0;7;7;7;4;7;7;4;3;5;4;5;3;4;2;2;3;3;2;6;3;7;1;3;2;1;1;2;3;4;3;1;1;3;3;3;1;3;1;3;2;1981;40;5.153846154;3.5;3.928571429;2;2.428571429;1.461538462;6;tertiary;6
137;5;5;4;2;2;1;5;2;3;4;4;5;4;3;1;0;1;0;0;1;0;5;4;5;5;5;7;4;6;6;5;5;3;6;5;2;5;6;4;3;5;6;2;3;3;2;2;2;3;4;3;3;;4;;;1;4;;5;2;1989;32;5.076923077;4.5;3.5;2.7;3.5;1.384615385;6;tertiary;3
138;4;4;4;3;4;2;3;2;4;5;5;5;4;4;0;0;1;0;1;0;2;3;2;2;5;4;3;6;2;4;4;3;4;3;1;2;1;2;2;5;3;4;3;4;4;3;3;3;3;5;4;5;2;4;3;1;3;4;3;4;2;1968;53;3.461538462;2.5;3.785714286;3.545454545;3.142857143;1.461538462;5;tertiary;4
139;4;6;5;6;5;4;6;2;5;3;5;6;4;6;2;1;2;3;1;1;0;6;6;6;6;5;5;6;3;3;5;4;7;5;5;6;5;5;5;2;5;7;1;3;5;1;3;;;5;2;4;;5;3;3;2;5;5;5;2;1984;37;5.153846154;5;4.785714286;3;4;2.153846154;6;tertiary;10
140;5;6;5;5;5;3;4;5;5;5;5;5;5;5;1;1;0;0;0;1;0;6;5;5;5;2;4;5;5;5;5;5;5;5;2;1;3;4;3;5;3;6;3;4;4;3;3;;;4;;;2;5;1;1;2;4;1;4;1;1997;24;4.769230769;3.375;4.857142857;3.285714286;2.571428571;1.307692308;4;secondary;3
141;5;6;6;1;1;1;1;1;6;6;6;5;6;5;0;0;0;0;0;0;0;6;7;7;7;7;7;5;7;7;6;6;6;7;2;6;4;6;4;4;5;7;2;;;1;1;1;1;3;1;2;;;;;;;;5;2;1976;45;6.538461538;4.75;4;1.5;5;1;4;secondary;0
142;4;6;3;3;2;2;4;2;4;3;6;5;6;5;1;2;2;1;1;0;3;7;2;5;7;4;6;4;3;2;2;2;7;7;4;2;5;5;5;2;5;6;2;3;3;1;1;1;1;5;2;3;2;5;5;2;1;2;1;4;2;1974;47;4.461538462;4.25;3.928571429;2.181818182;2.857142857;1.846153846;6;tertiary;10
143;4;5;5;4;5;4;4;4;4;4;4;5;5;4;2;1;1;2;1;1;1;5;5;5;4;5;3;2;3;3;3;3;3;4;5;4;5;3;4;3;3;4;4;4;3;2;4;3;4;5;4;4;3;4;4;3;3;3;3;5;2;1996;25;3.692307692;3.875;4.357142857;3.636363636;3.571428571;2;5;tertiary;9
144;5;6;6;6;3;3;6;3;3;5;6;5;3;5;0;0;0;0;0;0;0;7;5;6;4;7;5;6;6;7;4;4;7;4;4;7;7;7;7;4;4;6;1;4;3;1;1;1;1;5;1;5;1;5;4;1;1;;;5;2;1972;49;5.538461538;5.75;4.642857143;2.181818182;3.2;1.153846154;4;secondary;0
145;2;2;2;2;4;2;2;3;2;3;3;2;1;1;3;2;2;1;0;1;1;3;3;4;3;3;3;5;4;2;1;5;3;4;2;5;2;4;4;3;4;5;3;;;1;2;1;2;4;3;;;5;;;2;1;;4;2;1990;31;3.307692308;3.625;2.214285714;2.285714286;3;2.153846154;4;secondary;10
146;5;6;5;4;5;3;3;2;4;4;5;5;4;5;1;1;1;0;1;1;0;6;2;3;6;5;5;6;3;2;2;3;6;5;3;5;2;3;5;3;3;5;2;4;3;2;4;3;3;4;3;2;1;4;3;1;3;3;1;5;2;1997;24;4.153846154;3.625;4.285714286;2.818181818;2.857142857;1.692307692;5;tertiary;5
147;6;6;6;3;5;5;6;3;6;6;6;6;6;6;1;1;1;1;1;1;0;6;7;4;6;6;7;5;4;2;6;5;7;7;4;7;4;7;5;3;5;5;2;5;5;1;2;2;2;;2;;4;;;3;2;;;;2;1992;29;5.538461538;5;5.428571429;2.777777778;2.5;1.538461538;6;tertiary;6
148;5;5;5;3;2;2;3;2;3;6;4;4;4;4;1;0;1;1;0;1;0;5;5;4;5;7;6;4;5;6;5;5;6;6;3;3;2;3;3;2;2;2;3;;;3;3;2;3;5;3;;;3;1;3;3;;;4;2;1995;26;5.307692308;2.5;3.714285714;3.142857143;2.8;1.461538462;5;tertiary;4
149;6;6;6;6;6;3;4;2;5;6;6;6;5;6;2;1;1;1;0;1;0;7;3;6;7;6;5;6;6;4;6;5;6;7;1;1;3;2;2;3;3;2;2;3;1;1;2;2;2;5;2;1;2;5;4;;1;2;2;5;2;1965;56;5.692307692;2.125;5.214285714;2.090909091;3.166666667;1.461538462;5;tertiary;6
150;5;6;6;6;6;5;6;6;6;6;5;6;5;6;1;1;1;0;0;1;1;7;5;5;6;6;6;5;6;5;4;5;6;5;3;6;5;3;4;6;4;4;3;3;3;1;1;2;3;5;3;4;4;5;5;3;4;5;5;5;2;1976;45;5.461538462;4.375;5.714285714;2.909090909;4.571428571;1.769230769;6;tertiary;5
151;5;5;5;1;6;5;5;5;5;5;6;5;5;5;1;2;0;0;0;1;0;6;5;7;7;5;7;4;7;5;5;6;7;6;2;4;4;2;3;3;4;7;3;2;2;1;1;1;1;5;1;2;;5;3;2;1;;;4;1;1945;76;5.923076923;3.625;4.857142857;1.9;3;1.307692308;6;tertiary;4
152;5;6;5;5;4;5;5;4;5;5;5;6;5;5;1;1;1;0;1;0;0;5;4;4;6;6;7;6;6;6;5;5;6;6;4;5;5;5;4;3;4;7;3;3;3;2;2;3;3;4;3;3;;4;2;2;2;4;3;3;2;1957;64;5.538461538;4.625;5;2.9;2.857142857;1.615384615;7;tertiary;4
153;5;6;5;3;5;2;3;1;4;5;5;4;3;5;3;3;3;3;2;1;0;7;5;5;7;3;4;6;6;1;4;2;7;5;4;2;4;6;4;3;4;3;2;3;4;3;2;1;4;5;1;2;1;5;3;2;2;4;1;5;2;2000;21;4.769230769;3.75;4;2.545454545;3.142857143;2.692307692;4;secondary;15
154;4;4;4;2;5;2;5;2;4;3;5;2;4;5;1;1;1;3;2;1;0;6;5;6;6;4;5;4;5;5;5;5;5;5;2;5;2;2;5;5;5;4;3;3;4;1;1;1;2;5;2;4;3;5;4;1;1;3;4;5;2;1951;70;5.076923077;3.75;3.642857143;2.636363636;3.285714286;1.769230769;7;tertiary;9
155;6;6;6;6;6;6;6;6;6;6;6;6;6;6;1;1;1;1;0;1;0;6;7;7;6;7;5;6;7;6;6;5;6;6;4;5;5;6;5;2;5;6;4;;5;5;5;5;5;5;5;4;;5;4;;4;;;5;1;1941;80;6.153846154;4.75;6;4.777777778;4.5;1.538461538;7;tertiary;5
156;1;3;1;2;2;2;2;2;2;5;4;2;3;2;3;3;2;2;1;1;1;6;5;3;3;3;6;3;3;2;2;6;2;6;2;1;3;1;2;6;2;3;4;4;4;1;1;1;2;4;3;4;3;3;3;4;2;2;;3;1;1974;47;3.846153846;2.5;2.357142857;2.818181818;2.833333333;2.769230769;6;tertiary;13
157;3;6;4;3;2;3;4;4;4;5;5;4;6;6;3;2;3;3;1;3;3;7;1;3;5;5;4;7;4;3;3;6;6;5;6;5;3;3;5;1;3;6;2;4;4;2;2;2;3;5;3;3;3;3;2;4;4;5;;3;2;1995;26;4.538461538;4;4.214285714;3;3.5;3;5;tertiary;18
158;6;6;5;1;4;5;5;3;5;5;5;5;4;6;1;0;1;3;0;1;0;6;3;4;4;5;3;4;4;4;4;3;3;5;3;5;2;2;3;5;2;2;2;4;3;1;2;2;2;4;3;3;2;5;4;3;3;3;1;3;2;1989;32;4;3;4.642857143;2.545454545;3.142857143;1.615384615;6;tertiary;6
159;1;1;1;1;2;1;2;1;2;6;6;2;1;1;2;0;2;1;1;1;1;1;1;1;6;1;1;4;1;1;1;6;1;2;5;1;5;7;5;2;4;6;4;;;1;1;1;1;5;3;;1;1;;1;1;3;1;2;1;1968;53;2.076923077;4.375;2;2.125;1.5;2.769230769;3;primary;8
160;5;5;5;4;4;2;5;3;4;5;4;4;3;4;1;1;1;1;0;1;0;6;5;6;4;6;5;5;6;4;4;4;4;6;1;1;2;2;2;2;3;5;3;4;4;1;1;1;3;5;2;3;2;3;3;1;1;4;4;3;2;1975;46;5;2.25;4.071428571;2.636363636;2.714285714;1.692307692;7;tertiary;5
161;5;5;5;4;4;2;4;4;5;5;5;5;5;5;1;1;1;1;0;0;0;5;6;6;5;6;5;5;5;5;5;5;6;5;3;2;4;4;4;3;3;4;3;2;4;2;3;3;3;5;4;4;3;5;4;3;3;4;;5;2;1959;62;5.307692308;3.375;4.5;3.272727273;4;1.615384615;6;tertiary;4
162;5;5;5;2;6;6;6;2;5;4;6;6;3;6;3;0;2;0;0;1;0;7;6;7;5;6;6;6;5;4;4;6;6;6;3;4;5;6;6;1;5;5;2;;;1;1;1;1;4;1;;;4;;4;;;;5;2;1981;40;5.692307692;4.375;4.785714286;1.571428571;4.333333333;1.846153846;7;tertiary;6
163;5;4;4;4;4;4;6;3;5;3;5;4;5;5;1;1;1;1;0;0;0;6;6;5;5;7;6;5;5;5;4;5;6;7;3;2;4;3;3;3;3;6;5;5;5;2;2;2;3;4;2;4;1;4;2;2;2;2;2;5;1;1997;24;5.538461538;3.375;4.357142857;3.181818182;2.714285714;1.461538462;4;secondary;4
164;6;6;6;2;5;1;6;2;6;6;6;5;6;6;1;1;0;2;0;0;0;7;6;7;7;6;4;6;5;5;5;3;7;3;2;5;1;3;3;4;4;6;1;3;4;2;2;2;2;5;3;3;5;5;1;3;2;4;5;5;2;1999;22;5.461538462;3.5;4.928571429;2.909090909;3.571428571;1.307692308;4;secondary;4
165;5;5;4;4;3;4;5;4;4;6;6;5;5;5;1;0;1;1;0;1;0;5;4;6;4;6;4;4;5;4;5;4;5;5;3;5;3;4;5;6;4;6;3;4;4;2;2;2;2;3;2;2;2;4;4;2;2;4;2;4;2;1979;42;4.692307692;4.5;4.642857143;2.545454545;3.142857143;1.461538462;5;tertiary;4
166;3;3;2;2;1;1;3;1;4;4;4;2;5;3;2;0;1;0;0;1;0;7;2;2;5;3;5;4;3;4;6;4;3;6;1;6;1;4;6;4;3;4;1;1;2;1;1;1;1;4;1;;;5;3;;;2;;3;2;1987;34;4.153846154;3.625;2.714285714;1.444444444;3.25;1.307692308;5;tertiary;4
167;6;6;6;6;6;2;5;4;6;6;6;6;5;6;1;0;0;0;0;1;0;3;6;4;7;6;6;5;4;6;1;2;7;7;4;1;1;7;4;1;4;7;3;;2;1;1;1;2;4;1;3;4;4;4;3;1;4;5;4;2;1991;30;4.923076923;3.625;5.428571429;2.2;3.571428571;1.307692308;6;tertiary;2
168;5;6;2;2;1;1;1;2;3;5;2;3;1;2;1;1;0;0;0;1;0;7;5;6;4;7;4;4;7;2;5;5;6;3;2;1;4;5;1;5;5;5;4;1;1;2;2;1;3;5;1;3;1;5;2;3;1;4;;3;2;1991;30;5;3.5;2.571428571;2.181818182;3;1.384615385;5;tertiary;3
169;4;4;4;2;3;2;2;1;3;4;4;3;2;2;1;2;2;2;2;3;3;7;1;4;5;4;2;6;3;1;5;5;4;3;3;3;1;4;6;6;1;1;1;1;1;1;1;1;1;2;1;1;1;4;1;4;1;3;1;3;2;1993;28;3.846153846;3.125;2.857142857;1.090909091;2.428571429;3.076923077;6;tertiary;15
170;4;6;5;6;6;1;3;1;6;6;6;6;6;6;1;0;0;1;0;0;0;7;6;6;7;7;7;7;7;7;6;6;7;7;3;1;4;4;4;3;4;6;4;5;5;1;1;1;2;4;1;3;4;5;5;;1;5;5;5;2;1992;29;6.692307692;3.625;4.857142857;2.818181818;4.333333333;1.230769231;6;tertiary;2
171;4;4;4;2;2;3;3;2;3;4;4;4;3;3;2;2;1;1;1;3;2;3;3;3;5;5;5;3;3;2;5;6;3;4;1;3;2;2;1;5;1;6;1;3;5;5;5;5;5;5;3;3;1;3;2;1;4;;;4;1;1997;24;3.846153846;2.625;3.214285714;3.727272727;2.8;2.384615385;5;tertiary;12
172;5;6;5;4;3;1;3;1;5;5;4;6;6;6;1;1;1;0;0;1;1;4;2;4;7;5;5;7;6;4;4;4;5;6;2;1;1;1;1;4;1;1;3;3;4;1;1;1;1;1;1;1;3;5;1;5;1;1;5;5;2;1974;47;4.846153846;1.5;4.285714286;1.818181818;3.285714286;1.461538462;6;tertiary;5
173;1;1;5;5;6;2;2;2;5;4;3;5;5;5;1;0;0;0;0;0;0;6;2;3;7;6;6;1;6;6;3;4;7;6;5;4;3;3;5;4;3;7;2;2;2;1;1;1;1;5;1;1;1;5;3;3;3;5;1;4;1;1983;38;4.846153846;4.25;3.642857143;1.636363636;3.428571429;1.230769231;7;tertiary;1
174;5;6;4;5;1;2;4;2;5;5;5;5;4;4;1;1;1;1;1;1;1;1;2;3;4;3;6;7;6;4;3;2;6;6;1;4;4;4;4;4;4;6;3;4;5;4;4;4;4;5;4;5;5;4;4;4;4;1;4;4;2;1987;34;4.076923077;3.875;4.071428571;4.272727273;3.571428571;1.769230769;5;tertiary;7
175;4;6;5;2;6;4;5;2;5;5;6;6;6;4;1;0;1;1;1;1;0;6;4;4;6;2;3;5;3;2;6;2;4;6;3;5;4;5;5;4;4;6;2;3;4;1;1;1;2;5;2;3;1;3;1;3;1;3;1;5;2;1994;27;4.076923077;4.5;4.714285714;2.272727273;2.428571429;1.461538462;6;tertiary;5
176;3;4;2;3;2;2;3;3;3;4;4;4;4;2;3;3;3;3;2;2;2;6;5;5;4;3;3;3;2;1;3;3;3;5;1;2;3;5;4;3;3;3;2;2;2;1;2;2;3;4;2;3;1;3;2;3;1;3;;3;2;1993;28;3.538461538;3;3.071428571;2.181818182;2.5;3.153846154;6;tertiary;18
177;5;5;5;5;6;2;5;1;6;5;6;6;6;6;3;3;1;3;3;1;1;7;1;4;5;4;3;5;5;4;5;3;5;6;3;5;1;2;5;1;1;4;3;3;2;1;3;3;2;5;4;2;;5;4;2;1;5;;5;2;1996;25;4.384615385;2.75;4.928571429;2.8;3.666666667;2.615384615;4;secondary;15
178;5;6;6;2;1;1;3;3;5;2;6;5;3;3;0;0;0;1;0;2;0;7;6;7;2;6;7;4;7;7;6;5;2;7;2;1;1;1;4;3;3;5;4;;4;1;1;1;3;4;2;1;1;5;3;5;2;4;1;4;1;1988;33;5.615384615;2.5;3.642857143;2.2;3.428571429;1.538461538;4;secondary;3
179;5;6;6;5;3;4;5;4;4;4;4;4;3;6;1;0;1;1;0;0;0;6;5;6;5;7;5;6;6;5;5;5;6;6;3;6;5;3;5;5;5;6;3;4;4;3;4;4;3;5;4;3;5;5;4;2;3;4;4;4;1;1963;58;5.615384615;4.75;4.5;3.818181818;3.714285714;1.384615385;6;tertiary;3
180;5;6;4;5;5;3;3;2;5;5;6;6;5;6;2;0;1;1;1;1;1;6;4;5;5;6;4;4;3;4;4;4;5;5;2;4;2;3;3;5;2;7;4;4;4;3;3;2;3;5;4;5;3;5;3;4;3;3;;4;2;1987;34;4.538461538;3.5;4.714285714;3.636363636;3.666666667;1.923076923;6;tertiary;7
181;3;6;6;4;2;3;3;2;4;6;4;3;2;4;1;1;1;1;0;1;0;5;3;4;6;7;3;6;5;5;4;6;7;4;5;2;1;1;2;3;1;1;3;4;3;1;1;1;1;4;3;1;1;4;4;3;1;2;1;3;2;1998;23;5;2;3.714285714;2.090909091;2.571428571;1.692307692;5;tertiary;5
182;5;6;5;2;1;1;1;1;5;6;6;4;5;5;0;0;1;1;0;1;1;3;3;4;6;3;6;6;5;3;6;6;6;7;1;1;3;3;4;4;4;4;1;3;1;1;1;1;1;4;1;1;1;4;1;2;2;5;1;3;1;1986;35;4.923076923;3;3.785714286;1.454545455;2.571428571;1.538461538;3;primary;4
183;5;5;5;5;5;4;5;2;5;5;5;6;5;5;1;1;1;1;0;1;0;6;6;6;6;6;6;6;6;6;5;5;6;6;3;2;2;6;5;3;4;7;3;3;3;2;3;3;3;4;2;2;2;5;4;4;3;4;4;5;2;1971;50;5.846153846;4;4.785714286;2.727272727;4.142857143;1.538461538;6;tertiary;5
184;3;5;2;5;1;1;3;2;4;4;5;5;3;3;2;1;1;2;1;2;1;7;4;5;6;4;6;4;6;6;5;5;6;6;2;1;1;2;2;6;2;2;2;2;3;1;1;1;2;5;1;3;3;5;1;3;1;2;1;3;2;1971;50;5.384615385;2.25;3.285714286;2.181818182;2.285714286;2.153846154;6;tertiary;10
185;4;6;4;5;6;3;5;4;4;6;5;6;5;6;1;1;1;2;1;0;0;6;7;7;7;7;7;7;6;6;6;6;7;6;1;1;4;6;3;2;3;7;2;3;4;1;2;2;3;4;5;4;1;5;4;5;2;3;1;4;2;1990;31;6.538461538;3.375;4.928571429;2.818181818;3.428571429;1.461538462;6;tertiary;6
186;5;6;5;3;3;4;3;2;5;5;6;4;6;6;1;1;0;1;0;1;0;6;6;5;6;2;6;6;7;6;6;6;7;6;2;4;4;3;4;5;4;5;1;4;3;2;2;2;4;5;3;;1;5;1;3;1;5;1;4;2;1990;31;5.769230769;3.875;4.5;2.7;2.857142857;1.538461538;6;tertiary;4
187;5;4;6;1;3;1;3;2;5;4;6;4;5;6;1;0;1;2;0;1;0;6;4;3;6;6;6;5;5;5;4;5;5;5;1;3;2;6;5;5;3;6;1;3;3;3;4;3;4;5;3;2;2;5;5;;3;;;3;2;1985;36;5;3.875;3.928571429;3;4;1.538461538;6;tertiary;5
188;2;3;4;5;3;2;2;2;3;4;5;5;5;5;3;2;3;2;1;2;1;6;5;4;7;5;3;5;5;3;3;6;5;6;2;5;3;3;3;3;4;5;1;4;3;1;2;1;2;4;2;4;4;3;3;3;1;4;3;4;2;1992;29;4.846153846;3.5;3.571428571;2.545454545;3;2.461538462;6;tertiary;14
189;5;6;5;4;3;2;2;2;3;4;4;5;3;6;2;1;2;1;1;2;1;3;3;5;5;6;3;4;3;3;3;5;5;6;3;5;3;4;3;3;2;6;2;;3;1;2;;;5;;4;;5;4;3;1;;;4;2;1993;28;4.153846154;3.625;3.857142857;2.833333333;3.4;2.153846154;6;tertiary;10
190;6;6;6;6;6;3;4;2;3;5;6;5;3;6;1;1;1;1;0;1;0;6;4;6;7;7;6;6;6;4;5;6;6;6;2;2;4;4;5;4;4;7;2;2;3;1;2;2;3;5;2;3;3;5;5;3;3;5;;5;2;1990;31;5.769230769;4;4.785714286;2.545454545;4.333333333;1.692307692;7;tertiary;5
191;5;6;4;4;6;4;5;3;4;3;6;6;4;4;2;1;2;1;0;2;1;7;5;5;6;5;1;6;4;2;2;2;6;3;2;1;1;5;4;4;2;2;3;3;4;1;1;1;1;5;1;3;1;5;1;4;1;3;1;5;2;1996;25;4.153846154;2.625;4.571428571;2.181818182;2.857142857;2.076923077;5;tertiary;9
192;5;5;5;5;3;2;2;2;3;4;4;4;5;5;2;1;1;1;1;1;1;5;3;3;6;7;6;3;4;4;2;5;6;6;7;3;5;3;4;3;4;5;3;;;1;2;2;2;5;2;2;;5;4;4;1;4;4;5;2;1993;28;4.615384615;4.25;3.857142857;2.375;3.857142857;2.307692308;6;tertiary;8
193;4;6;5;5;6;4;5;4;5;5;6;6;6;6;1;1;1;1;3;2;0;7;6;7;6;5;7;6;3;5;4;6;4;5;1;4;3;2;3;4;3;5;3;4;3;2;3;1;3;5;1;;;5;1;5;1;2;;5;2;1996;25;5.461538462;3.125;5.214285714;2.777777778;3.166666667;1.923076923;4;secondary;9
194;3;3;5;4;3;4;3;3;4;5;4;5;4;6;1;1;0;1;0;1;0;7;7;6;6;7;6;6;6;3;6;2;7;6;3;4;3;5;5;5;4;6;2;2;3;1;2;3;4;4;3;2;;5;3;4;3;4;;5;2;1988;33;5.769230769;4.375;4;2.6;4;1.384615385;6;tertiary;4
195;5;5;4;2;6;4;6;3;2;5;6;2;2;4;2;0;2;2;1;1;0;7;6;7;6;6;5;4;6;5;4;5;5;6;4;4;5;7;5;6;6;4;2;2;4;2;3;2;3;5;3;4;1;5;1;1;2;4;1;5;2;1956;65;5.538461538;5.125;4;2.818181818;2.714285714;2.076923077;7;tertiary;8
196;6;6;5;3;6;4;6;3;5;2;6;6;5;5;1;0;1;2;0;1;0;7;6;7;7;7;6;2;4;4;3;5;5;5;3;1;4;7;3;2;4;4;3;3;4;1;2;1;2;4;4;4;4;5;4;5;1;5;4;5;2;1980;41;5.230769231;3.5;4.857142857;2.909090909;4.142857143;1.538461538;6;tertiary;5
197;2;3;3;5;4;2;3;4;5;5;4;5;6;5;3;2;1;1;1;1;1;4;3;2;5;6;7;4;6;2;5;3;4;3;2;5;5;4;4;5;3;5;2;3;2;2;2;2;2;4;2;1;1;5;1;3;2;5;1;5;2;1989;32;4.153846154;4.125;4;2.090909091;3.142857143;2.230769231;5;tertiary;10
198;4;5;4;5;4;3;3;1;4;2;2;3;5;4;2;0;1;1;1;1;0;6;4;4;7;5;6;2;6;6;6;4;7;6;2;5;4;7;5;7;3;6;3;4;5;4;4;;;4;;2;5;3;3;4;3;4;4;5;2;1991;30;5.307692308;4.875;3.5;3.875;3.714285714;2;6;tertiary;6
199;6;5;6;3;6;6;6;5;5;5;6;4;5;6;1;1;1;1;1;1;1;6;6;6;6;5;6;6;6;7;5;6;6;6;2;4;3;3;4;4;4;6;;;5;1;2;1;2;5;2;4;1;5;5;5;;5;;5;2;1992;29;5.923076923;3.75;5.285714286;2.555555556;5;1.692307692;6;tertiary;7
200;4;3;2;1;2;2;5;3;5;5;3;3;2;1;3;3;3;2;1;1;3;6;3;2;6;3;2;3;1;1;3;5;4;5;2;3;5;6;5;4;2;6;2;3;3;1;2;1;2;5;3;3;3;5;3;;1;;;4;2;1986;35;3.384615385;4.125;2.928571429;2.545454545;3.25;2.692307692;6;tertiary;16
201;4;6;5;2;4;3;4;4;1;2;2;3;4;4;1;1;2;1;1;1;1;2;3;5;5;7;6;6;3;3;5;3;6;7;3;1;3;3;4;2;2;1;4;5;4;3;3;3;4;5;3;3;1;4;1;5;2;5;1;3;1;1997;24;4.692307692;2.375;3.428571429;3.454545455;3;1.692307692;4;secondary;8
202;5;5;5;3;4;3;4;3;4;4;4;4;5;5;1;1;1;1;1;1;0;5;3;3;6;6;6;5;4;4;4;5;5;6;3;3;3;4;5;3;4;3;2;2;3;2;2;2;2;4;2;2;2;5;4;4;2;4;;4;2;1995;26;4.769230769;3.5;4.142857143;2.272727273;3.833333333;1.615384615;6;tertiary;6
203;3;3;3;1;2;2;5;2;1;3;4;2;3;2;1;0;1;0;0;1;1;2;3;5;2;6;3;3;2;2;3;5;2;3;2;1;2;4;3;4;3;5;3;4;2;1;2;2;1;4;3;3;1;4;1;4;1;4;1;4;2;1999;22;3.153846154;3;2.571428571;2.363636364;2.714285714;1.692307692;4;secondary;4
204;4;4;3;4;2;2;3;2;4;4;5;5;3;3;2;2;2;1;0;1;0;5;5;6;4;4;3;2;3;2;2;4;3;6;5;6;4;6;5;2;3;4;3;1;1;1;2;1;2;5;2;4;1;2;1;1;1;3;1;4;2;2000;21;3.769230769;4.375;3.428571429;2.090909091;1.857142857;2.230769231;4;secondary;8
205;5;5;5;2;5;3;5;4;5;5;5;4;5;5;0;0;0;0;0;0;0;6;6;6;6;7;6;4;6;7;2;6;6;6;2;4;4;2;2;6;4;7;2;2;3;1;1;1;3;5;2;3;3;3;3;;1;;3;5;2;1953;68;5.692307692;3.875;4.5;2.363636364;3;1.153846154;7;tertiary;0
206;4;4;4;2;3;5;5;6;3;6;3;5;4;4;2;0;1;0;0;1;0;6;6;6;4;7;7;7;6;5;3;3;4;5;2;2;5;5;4;4;3;3;4;;3;2;4;;4;5;3;;;5;1;2;;;;2;2;2000;21;5.307692308;3.5;4.142857143;3.571428571;2.5;1.461538462;4;secondary;4
207;5;5;5;4;3;3;4;3;2;2;4;3;3;3;1;1;1;0;1;1;0;5;6;7;4;7;6;6;6;5;5;4;5;5;1;1;1;4;3;4;4;6;2;3;2;2;2;2;3;5;2;3;3;5;1;3;1;3;1;4;1;1990;31;5.461538462;3;3.5;2.636363636;2.571428571;1.384615385;6;tertiary;5
208;4;3;3;2;4;1;2;2;2;2;3;3;2;4;2;2;1;3;1;3;2;4;1;3;5;5;4;4;4;2;4;5;6;4;2;1;3;3;3;2;3;4;2;4;3;1;1;1;2;5;2;4;;5;5;5;2;4;;5;2;1983;38;3.923076923;2.625;2.642857143;2.5;4.333333333;2.384615385;6;tertiary;14
209;6;6;6;5;6;5;4;4;4;6;6;6;6;6;0;0;0;1;0;1;0;7;6;5;7;1;7;6;7;6;6;6;7;7;4;1;7;4;4;4;1;7;2;3;2;1;1;1;1;4;1;2;2;5;3;1;1;4;3;5;1;1969;52;6;4;5.428571429;1.818181818;3.142857143;1.230769231;6;tertiary;2
210;6;6;6;5;6;6;6;6;6;6;6;5;6;6;0;0;0;0;0;1;0;7;6;6;7;6;7;4;6;6;6;6;6;6;2;3;4;5;5;2;6;7;2;4;5;1;1;1;3;5;2;4;;5;5;;1;4;;5;2;1976;45;6.076923077;4.25;5.857142857;2.8;4;1.076923077;6;tertiary;1
211;6;6;6;1;4;1;3;2;5;6;5;4;4;6;1;0;0;2;0;1;0;7;5;5;7;7;5;6;6;5;6;6;6;6;2;1;4;3;2;2;2;6;2;2;1;1;1;1;1;4;1;2;1;5;1;2;1;;;5;2;1994;27;5.923076923;2.75;4.214285714;1.545454545;2.8;1.384615385;5;tertiary;4
212;4;3;3;5;4;5;5;2;4;5;6;6;3;6;1;1;1;3;1;1;0;7;3;4;7;5;1;7;1;4;5;6;7;4;2;4;3;3;4;4;4;4;2;3;3;1;1;1;3;3;1;3;3;5;4;3;1;;3;4;2;1981;40;4.692307692;3.5;4.357142857;2.181818182;3.333333333;1.923076923;6;tertiary;8
213;4;6;5;5;6;2;5;2;4;4;5;5;4;5;3;3;3;3;2;1;1;7;6;6;6;5;2;5;2;1;6;3;6;1;2;4;2;4;4;3;3;5;4;5;5;1;2;1;2;5;2;3;3;5;4;3;2;3;;5;1;1989;32;4.307692308;3.375;4.428571429;3;3.666666667;2.769230769;6;tertiary;16
214;5;6;5;5;5;3;5;2;5;6;5;5;4;6;0;0;0;0;0;0;0;6;6;5;6;6;6;6;7;6;2;5;7;6;3;1;4;4;6;3;4;4;3;4;4;1;2;1;3;5;3;;;5;3;4;2;4;;4;2;1951;70;5.692307692;3.625;4.785714286;2.888888889;3.666666667;1;6;tertiary;0
215;5;6;5;6;3;6;3;6;4;6;3;5;5;5;0;0;0;0;0;0;0;6;6;6;5;7;7;4;6;7;5;6;6;7;2;1;3;6;3;2;5;7;4;4;4;2;3;2;4;5;4;4;4;5;;;;4;;5;1;1989;32;6;3.625;4.857142857;3.636363636;4.666666667;1;6;tertiary;0
216;5;6;4;3;2;1;3;1;3;4;4;4;2;3;1;1;1;2;0;2;0;2;2;3;5;3;4;5;3;3;2;6;4;2;1;5;3;2;3;2;1;4;1;1;1;1;1;1;1;5;1;3;5;5;4;3;1;3;5;5;2;1984;37;3.384615385;2.625;3.214285714;1.909090909;3.714285714;1.923076923;7;tertiary;7
217;3;6;6;2;3;1;3;2;5;6;6;5;5;6;1;0;1;1;1;0;0;3;6;6;5;3;6;4;7;7;6;3;6;5;1;2;1;2;3;4;4;1;1;3;2;1;3;1;3;5;2;4;1;4;2;3;1;5;1;4;2;1995;26;5.153846154;2.25;4.214285714;2.363636364;2.857142857;1.615384615;6;tertiary;4
218;5;5;4;2;3;1;2;2;5;5;5;4;5;3;1;1;0;1;0;1;0;7;5;6;6;6;7;7;7;7;2;4;7;7;2;2;4;4;4;7;4;4;3;5;5;1;1;1;2;5;2;3;3;5;4;;1;2;4;5;2;1975;46;6;3.875;3.642857143;2.818181818;3.5;1.307692308;5;tertiary;4
219;4;5;3;4;3;2;4;2;4;5;5;3;3;3;1;0;1;0;0;1;1;5;4;4;6;5;5;5;5;5;5;4;5;5;3;2;3;4;5;4;4;5;3;3;3;1;1;1;1;4;2;3;1;5;4;2;1;3;2;5;2;1953;68;4.846153846;3.75;3.571428571;2.090909091;3.142857143;1.538461538;6;tertiary;4
220;3;4;3;3;3;2;3;3;4;5;5;4;4;3;3;3;3;2;1;1;2;6;3;2;5;3;3;4;2;2;3;5;3;5;1;6;2;3;4;2;4;3;4;5;4;1;2;1;3;5;3;3;;5;4;3;3;5;;3;2;1984;37;3.538461538;3.125;3.5;3.1;3.833333333;2.461538462;5;tertiary;15
221;4;4;2;2;6;2;3;2;5;5;5;5;4;3;1;1;2;0;0;0;0;5;4;3;2;5;6;5;4;5;4;6;4;3;2;3;4;3;3;3;2;3;4;2;2;1;2;1;2;5;3;2;1;4;2;3;1;3;1;5;2;1986;35;4.307692308;2.875;3.714285714;2.272727273;2.714285714;1.769230769;6;tertiary;4
222;5;5;5;3;2;2;5;2;3;4;3;3;3;5;0;0;1;0;0;1;0;7;4;5;6;6;6;5;6;5;6;4;6;5;2;2;4;3;3;2;2;6;3;2;3;1;1;1;2;3;2;3;3;5;4;3;2;3;3;4;2;1979;42;5.461538462;3;3.571428571;2.181818182;3.428571429;1.384615385;6;tertiary;2
223;2;6;5;4;3;3;2;4;4;4;3;5;3;5;1;1;1;1;0;1;0;5;6;6;7;6;5;3;5;3;5;6;7;5;2;4;4;5;4;6;5;6;3;3;3;3;3;3;3;4;3;3;3;4;2;2;3;4;1;4;2;1970;51;5.307692308;4.5;3.785714286;3.090909091;2.857142857;1.615384615;7;tertiary;5
224;6;4;4;3;3;2;4;3;4;5;4;2;4;4;1;1;1;0;1;1;0;5;3;4;6;6;7;6;6;6;4;4;5;5;1;3;4;4;4;5;3;5;2;4;4;1;2;2;2;5;1;4;;5;3;3;1;3;;4;2;1978;43;5.153846154;3.625;3.714285714;2.7;3.166666667;1.615384615;6;tertiary;5
225;5;6;6;6;1;2;5;3;6;5;5;5;5;6;0;0;1;0;0;2;0;7;4;5;7;7;7;6;7;6;6;6;6;6;1;1;3;1;1;5;1;5;1;2;3;1;1;1;1;5;;;;4;1;1;1;4;;4;1;1964;57;6.153846154;2.25;4.714285714;1.875;2.5;1.307692308;7;tertiary;3
226;4;5;4;5;4;1;4;2;5;5;5;5;5;5;3;2;1;0;0;1;2;5;3;3;6;5;3;4;2;3;3;4;4;5;3;5;3;2;4;2;5;3;4;3;4;1;2;1;1;4;2;4;1;4;2;;2;;;5;2;1993;28;3.846153846;3.375;4.214285714;2.454545455;3.25;2.230769231;6;tertiary;9
227;5;2;2;2;5;1;3;2;5;4;2;2;6;1;3;0;2;0;1;2;0;7;6;6;2;6;7;7;5;7;5;5;6;7;1;2;2;4;4;3;3;5;2;3;3;2;2;3;3;5;3;3;1;5;4;2;4;5;1;4;1;1988;33;5.846153846;3;3;2.727272727;3.571428571;1.615384615;6;tertiary;8
228;6;6;6;4;6;1;4;1;5;4;6;4;5;4;1;1;2;1;1;1;0;5;6;6;6;6;6;4;6;6;6;6;6;6;6;1;4;1;2;2;4;6;3;3;2;1;1;1;1;3;1;2;1;4;2;4;1;3;;4;1;1988;33;5.769230769;3.25;4.428571429;1.727272727;3;1.615384615;6;tertiary;7
229;5;6;5;2;5;3;4;3;4;4;5;3;2;3;1;1;1;1;0;0;0;4;6;7;5;2;3;6;4;3;5;4;4;6;1;1;3;2;2;3;4;3;5;5;5;1;2;2;4;5;2;3;2;5;3;2;1;4;2;5;1;1992;29;4.538461538;2.375;3.857142857;3.272727273;3.142857143;1.461538462;6;tertiary;4
230;5;5;4;4;6;4;4;3;6;5;6;4;5;5;1;0;1;3;0;1;0;7;6;6;6;6;6;4;6;6;6;5;6;7;2;4;4;5;4;5;3;5;3;;;1;2;2;2;5;3;4;;5;4;4;3;;;4;2;1981;40;5.923076923;4;4.714285714;2.75;4;1.461538462;6;tertiary;6
231;3;3;3;3;4;1;3;2;2;3;4;1;1;3;2;2;1;2;0;2;0;5;3;5;3;6;6;5;4;4;3;6;6;1;4;5;6;3;6;5;5;6;2;5;3;1;2;2;3;5;2;5;4;5;4;3;2;;4;5;1;1976;45;4.384615385;5;2.571428571;3.090909091;3.833333333;2;7;tertiary;9
232;4;6;6;6;6;4;6;6;6;6;5;6;6;6;0;0;0;0;0;0;0;6;7;6;6;7;7;5;7;6;6;6;7;7;2;2;3;4;3;5;5;6;5;5;5;2;4;3;4;4;4;5;;5;5;1;3;3;1;5;1;1973;48;6.384615385;3.75;5.642857143;4.1;3.285714286;1;6;tertiary;0
233;4;5;4;1;1;1;3;2;4;4;4;4;3;3;1;2;1;1;0;2;1;3;2;5;2;4;1;3;2;2;2;2;1;5;3;5;3;3;4;2;1;5;2;3;3;1;1;1;1;5;1;4;4;4;1;5;1;1;1;5;2;1990;31;2.615384615;3.25;3.071428571;2.363636364;2.571428571;2.076923077;6;tertiary;8
234;3;3;3;4;2;4;3;3;5;6;6;5;5;5;1;1;1;1;1;1;0;7;3;3;6;5;6;5;7;6;3;6;5;5;3;5;4;5;3;4;4;6;3;4;4;2;2;2;3;4;2;2;;5;3;3;2;4;1;5;2;1963;58;5.153846154;4.25;4.071428571;2.8;3.285714286;1.692307692;7;tertiary;6
235;5;6;5;6;3;3;5;3;5;5;5;5;4;5;3;1;2;1;1;1;0;5;6;5;5;6;6;4;5;6;6;5;6;6;2;2;4;4;4;3;4;4;1;5;4;1;2;2;3;4;2;2;4;3;2;2;1;3;3;4;2;1986;35;5.461538462;3.375;4.642857143;2.727272727;2.571428571;2;6;tertiary;9
236;5;5;5;4;4;6;6;4;6;6;5;6;4;6;1;1;2;2;1;2;1;7;3;4;5;4;6;3;2;2;3;4;3;4;7;1;3;2;3;2;1;2;2;;4;3;4;4;5;5;3;2;;4;3;3;4;5;;4;1;1998;23;3.846153846;2.625;5.142857143;3.555555556;3.833333333;2.307692308;4;secondary;10
237;5;5;4;3;4;2;3;2;3;5;3;4;3;4;1;0;1;1;0;1;0;7;5;6;6;6;3;5;3;3;5;4;6;4;2;1;4;3;4;3;3;5;2;4;3;1;1;1;1;4;2;3;4;5;4;2;1;4;4;5;1;1968;53;4.846153846;3.125;3.571428571;2.363636364;3.571428571;1.461538462;6;tertiary;4
238;4;4;3;1;2;1;1;2;3;3;2;2;2;2;1;1;1;1;0;1;0;7;5;4;7;5;6;1;4;5;4;4;6;6;2;6;4;5;4;4;5;6;2;;2;1;1;1;2;4;2;;1;5;3;2;1;3;;3;2;1986;35;4.923076923;4.5;2.285714286;1.777777778;2.833333333;1.923076923;6;tertiary;5
239;2;2;5;1;1;2;4;3;2;5;2;5;4;3;2;0;2;3;0;2;0;5;3;3;6;6;4;3;5;6;3;5;3;6;3;4;4;6;5;2;4;6;1;5;4;2;3;2;2;5;3;3;1;1;3;3;2;5;;5;1;1987;34;4.461538462;4.25;2.928571429;2.818181818;3.166666667;2.230769231;6;tertiary;9
240;5;6;6;5;3;3;5;4;4;5;6;5;4;5;1;2;3;2;1;1;0;7;6;6;6;6;4;6;4;5;6;5;2;3;2;4;5;4;5;5;4;5;3;4;4;2;2;1;3;5;2;3;1;5;3;4;2;4;;5;1;1992;29;5.076923077;4.25;4.714285714;2.727272727;3.833333333;2;6;tertiary;10
241;2;6;3;6;5;4;3;2;6;5;6;6;5;5;2;1;2;2;0;1;1;2;2;3;7;5;3;4;6;6;3;6;7;7;3;3;2;5;4;4;3;4;1;2;1;1;1;1;1;1;1;1;;5;4;;1;;;4;2;1987;34;4.692307692;3.5;4.571428571;1.1;3.5;2.076923077;5;tertiary;9
242;4;6;6;5;2;2;5;2;5;6;6;5;5;6;1;0;1;1;1;0;0;7;4;4;5;6;6;5;5;3;5;2;7;6;1;5;5;6;5;4;4;6;2;1;1;3;3;3;4;5;3;2;;5;2;1;1;3;;4;2;1971;50;5;4.5;4.642857143;2.7;2.666666667;1.307692308;4;secondary;4
243;2;3;2;1;3;2;2;3;2;4;3;2;2;1;1;1;2;1;1;3;1;5;5;5;1;3;2;3;1;1;2;1;2;5;2;4;3;3;2;5;2;5;3;4;5;2;2;2;3;5;2;3;2;4;1;3;2;4;;4;2;1994;27;2.769230769;3.25;2.285714286;3;3;2.076923077;6;tertiary;10
244;5;6;5;5;5;1;1;3;1;4;5;5;4;5;1;0;1;1;0;1;1;6;4;5;4;4;4;5;3;6;4;3;6;5;2;4;3;3;4;6;2;3;1;3;3;3;3;3;3;4;3;3;1;5;1;1;3;4;1;4;2;1994;27;4.538461538;3.375;3.928571429;2.727272727;2.714285714;1.615384615;6;tertiary;5
245;5;6;6;4;6;3;5;3;5;6;5;6;6;6;0;0;1;2;0;1;0;7;4;5;7;7;6;6;5;7;5;6;7;5;3;3;3;5;5;4;5;5;2;2;;2;3;2;2;5;2;3;1;3;1;1;2;4;1;4;2;1974;47;5.923076923;4.125;5.142857143;2.4;2.285714286;1.538461538;4;secondary;4
246;4;3;5;5;2;1;5;1;4;5;4;5;5;5;2;0;1;0;0;1;0;4;2;2;6;3;6;5;3;4;6;6;6;7;1;5;2;2;4;2;4;1;2;3;3;1;1;1;2;5;2;3;1;4;1;1;1;3;1;3;2;1994;27;4.615384615;2.625;3.857142857;2.181818182;2;1.461538462;6;tertiary;4
247;2;4;3;4;2;2;4;1;5;5;3;3;5;5;1;1;1;3;1;1;0;7;5;5;6;7;7;6;6;6;5;4;7;3;3;4;1;5;5;4;2;1;3;4;4;1;2;1;3;5;2;4;1;5;5;4;2;5;;5;2;1992;29;5.692307692;3.125;3.428571429;2.727272727;4.333333333;2;4;secondary;8
248;3;6;5;5;1;3;3;3;3;4;3;3;4;3;1;1;2;1;1;1;1;7;2;3;5;2;4;4;5;6;3;3;5;4;4;1;5;6;5;3;4;4;5;5;3;2;2;2;4;4;3;5;3;5;2;2;2;3;;5;2;1994;27;4.076923077;4;3.5;3.454545455;3.166666667;1.846153846;7;tertiary;8
249;2;2;2;1;3;3;4;2;1;1;3;3;3;2;3;3;2;3;2;2;3;6;4;6;2;1;1;3;1;1;2;2;1;2;3;4;2;5;5;3;4;6;4;3;2;2;2;2;3;5;3;2;3;3;2;4;1;3;3;4;2;1994;27;2.461538462;4;2.285714286;2.818181818;2.857142857;3.153846154;4;secondary;18
250;4;5;4;2;1;1;2;2;2;4;3;3;2;3;1;1;1;1;0;1;1;4;4;5;5;6;3;4;5;5;4;4;5;5;3;2;2;3;2;3;2;3;2;2;3;1;1;1;1;3;2;;1;5;;;2;3;;3;2;1994;27;4.538461538;2.5;2.714285714;1.7;3.25;1.615384615;6;tertiary;6
251;3;6;3;2;2;1;2;2;5;4;5;4;5;3;2;1;1;1;0;1;0;6;3;4;4;5;3;1;3;4;5;5;4;4;4;1;1;3;1;1;1;5;3;4;2;1;1;1;1;5;1;3;;5;1;3;1;5;;4;2;1981;40;3.923076923;2.125;3.357142857;2.2;3.166666667;1.769230769;7;tertiary;6
252;3;6;4;5;2;6;6;6;4;5;5;6;4;6;3;2;3;2;1;1;2;7;4;4;5;6;3;6;3;3;3;4;5;4;5;5;5;5;5;4;4;5;4;;4;2;3;2;4;5;4;4;;4;3;4;2;5;;5;2;1990;31;4.384615385;4.75;4.857142857;3.555555556;3.833333333;2.615384615;6;tertiary;14
253;4;4;3;3;4;1;2;1;4;4;5;3;4;3;2;1;2;1;1;1;1;7;7;4;7;6;3;3;5;3;2;3;5;3;2;5;3;4;7;3;4;2;4;4;3;1;2;;2;5;3;4;;4;2;3;1;;;4;2;2000;21;4.461538462;3.75;3.214285714;3.111111111;2.8;2.307692308;4;secondary;9
254;5;5;4;2;2;2;3;1;3;3;4;4;4;1;2;2;1;3;3;3;1;3;1;3;6;6;4;7;7;3;3;5;4;7;2;1;2;3;3;2;3;5;2;3;;;2;;4;5;4;;;5;3;;2;5;;5;2;1993;28;4.538461538;2.625;3.071428571;3.333333333;4;2.615384615;5;tertiary;15
255;5;5;6;3;3;2;2;1;4;5;5;2;4;6;2;1;2;0;0;2;1;7;6;5;7;4;2;5;4;2;4;3;4;3;2;1;1;1;1;1;1;1;2;1;1;1;1;1;1;3;1;3;1;5;2;2;1;4;1;4;2;1994;27;4.307692308;1.125;3.785714286;1.454545455;2.714285714;2.538461538;5;tertiary;8
256;5;6;5;4;1;3;4;3;4;5;5;4;4;4;0;0;1;0;0;0;0;6;5;5;5;5;7;5;7;7;7;5;5;7;4;5;5;6;5;3;6;6;3;;4;1;1;1;2;5;2;;;5;;;1;4;;3;2;1993;28;5.846153846;5;4.071428571;2.375;3.25;1.230769231;6;tertiary;1
257;5;5;4;4;3;1;2;1;4;3;4;3;3;4;1;1;1;0;0;1;1;3;4;6;5;6;5;5;3;3;5;3;4;6;2;2;2;3;4;5;5;4;3;4;3;1;2;2;2;4;2;3;2;3;2;3;2;4;3;4;2;1993;28;4.461538462;3.375;3.285714286;2.545454545;3;1.538461538;6;tertiary;5
258;5;5;5;1;1;3;2;2;3;5;5;4;3;4;1;1;1;0;0;1;0;7;3;5;5;5;4;5;4;4;4;6;5;6;5;4;2;3;4;5;2;2;2;3;4;3;3;3;3;4;3;3;1;5;3;3;3;5;1;4;2;1990;31;4.846153846;3.375;3.428571429;2.909090909;3.428571429;1.384615385;4;secondary;4
259;3;5;4;4;3;2;3;2;4;6;2;3;4;5;3;2;2;2;1;1;0;7;3;5;7;5;5;6;7;3;2;3;6;4;2;2;4;2;3;5;5;3;2;4;4;2;2;;3;4;;;;3;2;2;2;4;;3;2;1993;28;4.846153846;3.25;3.571428571;3;2.666666667;2.076923077;6;tertiary;11
260;3;5;2;1;2;3;3;1;2;3;4;2;3;3;2;2;1;3;1;2;1;6;5;5;4;5;3;3;3;3;4;4;2;4;2;3;1;3;3;3;3;3;2;4;3;1;1;1;1;4;2;3;2;4;2;2;1;2;2;4;2;1994;27;3.923076923;2.625;2.642857143;2.181818182;2.428571429;2.461538462;6;tertiary;12
261;5;6;5;6;5;4;5;4;5;6;6;6;6;6;0;0;0;1;0;0;0;5;6;6;6;7;6;3;6;6;6;5;7;7;5;3;4;4;3;4;3;5;2;3;4;1;2;1;2;5;4;3;;5;1;5;2;;;4;2;1970;51;5.846153846;3.875;5.357142857;2.7;3.4;1.384615385;6;tertiary;1
262;2;4;2;2;4;4;3;2;3;4;4;4;3;5;2;2;2;1;1;1;1;7;5;6;5;6;6;6;3;2;3;5;6;5;3;6;3;4;4;3;3;6;2;2;3;1;1;1;1;4;3;3;2;5;4;4;2;4;;4;2;1976;45;5;4;3.285714286;2.090909091;3.833333333;2.307692308;6;tertiary;10
263;3;4;3;4;3;2;4;2;3;3;4;5;5;3;2;1;1;1;2;2;0;7;3;3;7;7;6;6;5;4;4;5;7;6;4;5;2;3;5;2;5;6;2;5;5;1;1;1;1;5;1;4;1;5;5;2;1;5;1;5;1;1973;48;5.384615385;4;3.428571429;2.454545455;3.428571429;2.076923077;4;secondary;9
264;5;6;4;1;3;1;2;1;3;6;3;5;5;5;1;1;2;2;0;1;1;6;3;4;5;2;3;5;6;3;3;3;3;4;2;2;5;3;4;3;3;6;2;2;2;1;1;1;1;4;1;1;;5;1;4;1;3;;5;2;1996;25;3.846153846;3.5;3.571428571;1.6;3.166666667;2;5;tertiary;8
265;5;5;5;5;5;3;6;2;5;5;4;5;5;5;1;0;0;1;0;1;0;3;3;6;6;6;6;4;5;2;3;5;6;6;2;2;1;2;2;2;2;6;2;3;3;1;1;1;1;3;1;1;1;4;5;5;1;;;5;2;1985;36;4.692307692;2.375;4.642857143;1.636363636;4;1.307692308;4;secondary;3
266;2;6;4;4;4;3;3;2;4;2;3;5;5;5;1;1;1;1;0;2;1;6;6;6;7;6;6;4;6;3;4;4;6;2;4;4;5;4;4;4;3;4;4;;;1;2;1;2;5;3;2;1;5;4;5;3;3;;5;2;1977;44;5.076923077;4;3.714285714;2.333333333;4.166666667;1.846153846;5;tertiary;7
267;5;5;5;5;6;1;4;2;4;6;5;5;5;6;1;0;0;1;1;1;0;3;5;6;7;7;6;6;5;3;1;4;7;5;2;1;2;2;2;2;1;4;1;;2;1;1;1;1;4;1;1;1;4;1;1;1;3;1;4;2;1991;30;5;2;4.571428571;1.4;2.142857143;1.461538462;6;tertiary;4
268;4;6;5;5;5;4;4;2;5;5;4;4;5;6;1;0;0;0;0;1;0;3;5;7;6;7;7;5;6;6;6;6;6;6;2;2;5;5;4;3;4;5;2;4;3;1;2;1;2;5;2;4;1;5;5;1;3;5;;5;2;1966;55;5.846153846;3.75;4.571428571;2.454545455;4;1.307692308;6;tertiary;2
269;3;2;4;2;2;1;1;2;5;4;2;3;3;5;0;0;0;1;0;1;0;2;3;3;7;7;4;3;7;2;3;5;7;7;3;1;3;7;4;3;2;7;3;4;5;1;2;1;2;5;3;5;;5;4;;3;4;;5;1;1978;43;4.615384615;3.75;2.785714286;3.1;4.2;1.384615385;6;tertiary;2
270;5;5;6;5;3;5;5;4;5;4;5;5;4;5;1;1;1;0;1;1;0;7;5;5;4;4;3;3;4;3;5;5;5;6;2;4;4;3;5;5;2;6;2;;3;2;3;2;3;5;3;3;4;5;4;3;2;3;4;5;1;1994;27;4.538461538;3.875;4.714285714;3;3.714285714;1.615384615;5;tertiary;5
271;6;6;6;4;5;4;4;3;5;5;6;5;5;5;1;0;1;0;0;0;0;7;6;6;7;7;6;6;6;6;6;6;5;7;4;4;2;5;5;2;3;6;3;4;5;3;3;3;4;5;3;4;3;5;1;3;3;4;;5;2;1989;32;6.230769231;3.875;4.928571429;3.636363636;3.5;1.384615385;6;tertiary;2
272;6;6;3;2;5;6;6;5;4;5;5;3;4;3;3;0;2;1;1;1;2;6;6;6;5;7;5;4;5;4;3;5;3;5;3;5;5;4;4;3;4;5;3;4;3;2;2;2;3;4;2;3;3;5;4;2;3;1;;4;1;1981;40;4.923076923;4.125;4.5;2.818181818;3.166666667;2.153846154;6;tertiary;10
273;6;6;6;1;1;1;3;1;5;5;6;4;5;4;0;0;1;0;0;0;0;5;7;6;5;5;3;4;4;5;5;3;1;5;2;5;4;5;5;5;3;7;3;1;2;3;3;2;3;4;2;2;3;5;1;1;1;3;1;4;2;1991;30;4.461538462;4.5;3.857142857;2.545454545;2.285714286;1.384615385;6;tertiary;1
274;4;6;5;4;2;3;4;3;5;5;5;4;5;5;1;0;1;0;0;1;0;5;4;3;4;6;7;7;5;3;4;5;6;7;5;7;6;5;3;6;5;6;2;3;3;1;1;1;1;4;1;3;;4;2;3;1;5;;5;2;1978;43;5.076923077;5.375;4.285714286;2;3.333333333;1.307692308;5;tertiary;3
275;2;2;4;4;5;3;5;2;3;5;5;5;5;6;1;2;2;1;1;2;2;7;7;6;7;2;7;5;2;4;6;5;6;6;1;1;1;7;4;7;3;6;1;4;4;1;1;1;1;5;1;1;3;4;1;1;1;5;5;5;1;1989;32;5.384615385;3.75;4;2.090909091;3.142857143;2.076923077;5;tertiary;11
276;4;5;5;3;3;4;5;3;2;1;2;4;4;3;1;0;1;0;1;1;0;7;6;6;4;7;6;4;3;4;4;4;4;5;5;3;3;4;4;3;3;4;3;4;4;1;3;1;3;5;3;3;3;5;1;3;2;4;1;4;2;1994;27;4.923076923;3.625;3.428571429;3;2.857142857;1.384615385;5;tertiary;4
277;5;6;6;4;5;5;5;5;5;6;5;5;5;5;1;1;1;0;0;1;0;6;6;6;6;6;6;4;6;6;5;5;7;6;4;4;5;5;5;3;3;6;3;4;3;2;2;2;3;4;2;4;2;5;4;4;2;5;;4;2;1987;34;5.769230769;4.375;5.142857143;2.818181818;4;1.461538462;6;tertiary;4
278;5;6;5;1;3;1;4;1;4;6;5;5;4;6;1;1;1;1;0;1;1;6;4;4;6;6;7;6;4;4;4;6;3;4;3;2;2;3;3;5;1;4;2;2;2;1;1;1;2;3;3;3;2;3;2;1;1;4;;3;2;1969;52;4.923076923;2.875;4;2;2.333333333;1.769230769;6;tertiary;6
279;4;6;4;2;6;3;3;2;2;2;5;5;2;5;3;3;2;3;1;2;0;7;2;3;5;6;4;5;1;3;3;3;6;6;3;4;3;3;3;4;3;5;2;3;2;1;1;1;1;3;2;2;3;4;1;3;1;4;1;4;2;1992;29;4.153846154;3.5;3.642857143;1.909090909;2.571428571;2.384615385;6;tertiary;14
280;5;5;5;3;4;2;4;2;4;4;5;5;4;4;1;1;1;1;1;1;1;7;3;5;5;2;5;5;6;3;4;2;6;5;2;6;1;4;4;5;4;5;3;;2;;;;;;;;;5;3;2;;4;;4;2;1970;51;4.461538462;3.875;4;2.5;3.6;1.846153846;6;tertiary;7
281;4;4;4;4;2;2;5;3;2;3;2;4;4;4;2;2;1;1;0;1;1;6;3;6;5;6;5;5;2;3;3;3;6;5;2;4;2;7;5;3;3;7;3;3;4;1;2;2;3;5;3;3;1;5;2;3;2;4;1;4;2;1978;43;4.461538462;4.125;3.357142857;2.727272727;3;1.846153846;6;tertiary;8
282;4;5;4;2;2;2;4;2;2;2;2;3;3;2;1;1;1;2;1;2;1;6;5;5;4;6;3;3;1;2;2;2;3;6;2;4;1;4;4;3;4;6;4;4;3;1;1;1;3;5;1;4;;4;3;1;1;2;;4;2;1971;50;3.692307692;3.5;2.785714286;2.7;2.5;2.230769231;6;tertiary;9
283;5;6;6;5;6;4;4;3;5;5;6;5;5;6;0;0;0;0;0;1;0;7;4;5;5;6;4;7;4;6;4;5;7;7;2;1;1;3;4;4;1;3;3;3;2;1;1;1;1;4;1;3;1;3;1;3;1;5;1;5;2;1995;26;5.461538462;2.375;5.071428571;1.909090909;2.714285714;1.153846154;5;tertiary;1
284;4;5;3;3;3;2;2;1;2;4;3;5;5;5;2;1;2;3;1;1;1;7;3;3;6;4;4;6;3;3;4;4;3;2;5;2;1;3;3;5;4;5;2;4;4;1;1;2;2;4;3;3;4;4;4;4;4;4;5;5;2;1995;26;4;3.5;3.357142857;2.727272727;4.285714286;2.461538462;5;tertiary;11
285;5;6;5;5;3;5;6;4;6;5;5;5;5;6;1;1;1;3;1;0;0;7;6;5;7;7;7;7;6;5;4;6;7;6;4;2;4;6;5;2;3;5;1;3;1;1;1;1;2;5;1;4;2;4;4;5;1;5;;5;2;1994;27;6.153846154;3.875;5.071428571;2;4;1.923076923;5;tertiary;7
286;2;3;2;1;1;3;3;2;3;2;1;4;2;1;2;1;2;2;1;1;1;4;3;3;1;7;1;1;6;1;3;4;1;2;3;1;3;5;4;5;4;5;3;1;1;1;2;2;2;5;2;3;1;3;1;4;1;1;1;4;2;1999;22;2.846153846;3.75;2.142857143;2.090909091;2.142857143;2.153846154;4;secondary;10
287;4;6;5;5;6;5;2;2;3;5;5;5;4;6;1;1;2;1;0;1;1;2;2;2;7;5;3;5;2;2;3;2;7;2;2;1;2;5;3;2;5;7;3;2;4;1;1;1;2;5;2;4;2;5;3;2;3;4;1;5;1;1994;27;3.384615385;3.375;4.5;2.454545455;3.285714286;2.153846154;6;tertiary;7
288;1;3;2;4;1;1;1;1;3;3;3;1;3;2;1;0;1;0;0;1;0;7;5;6;7;6;7;2;7;7;6;6;7;7;1;1;4;2;1;4;2;4;1;2;1;1;2;1;3;5;1;1;1;4;1;1;1;5;1;4;2;1966;55;6.153846154;2.375;2.071428571;1.727272727;2.428571429;1.384615385;7;tertiary;3
289;3;5;5;5;2;2;5;5;3;6;3;5;5;5;1;1;1;1;0;1;0;7;5;6;7;7;6;7;6;5;6;6;7;6;2;1;5;5;3;3;5;7;3;4;4;1;1;1;1;5;1;3;1;4;1;1;1;4;1;4;1;1954;67;6.230769231;3.875;4.214285714;2.272727273;2.285714286;1.538461538;7;tertiary;5
290;5;6;5;3;3;4;6;5;5;5;5;5;4;5;1;1;1;1;0;0;0;7;6;6;5;7;7;3;6;6;6;5;6;5;5;6;3;6;5;5;5;6;3;4;4;1;1;1;3;5;1;3;4;5;4;;2;;4;4;2;1975;46;5.769230769;5.125;4.714285714;2.727272727;3.8;1.538461538;6;tertiary;4
291;4;4;2;1;1;1;2;1;1;1;2;1;1;2;2;1;3;3;1;3;0;5;4;6;4;6;2;2;4;6;4;5;1;6;2;1;3;2;4;2;2;3;3;3;3;1;1;1;1;3;1;3;1;4;3;4;1;1;1;5;2;1980;41;4.230769231;2.375;1.714285714;1.909090909;2.714285714;2.307692308;6;tertiary;13
292;5;6;5;3;5;5;5;5;5;6;5;5;6;6;1;0;1;0;0;1;0;7;5;6;7;7;7;5;7;7;5;6;6;7;3;1;4;5;5;3;5;6;3;1;3;3;3;4;3;5;3;3;1;3;3;1;;;1;4;2;1962;59;6.307692308;4;5.142857143;2.909090909;2.4;1.384615385;6;tertiary;3
293;5;6;4;2;1;1;5;1;5;5;6;6;3;5;2;2;2;2;2;1;1;1;4;4;6;5;7;1;2;2;3;6;3;7;1;1;2;2;3;3;2;5;1;1;1;1;1;1;1;2;2;2;2;5;1;4;1;1;4;4;2;1997;24;3.923076923;2.375;3.928571429;1.363636364;2.857142857;2.538461538;4;secondary;12
294;4;5;5;5;5;3;6;3;5;5;5;5;5;5;1;0;1;1;0;0;0;6;6;6;6;7;7;5;6;4;5;3;6;7;5;5;4;6;5;5;5;6;2;3;4;1;1;1;2;5;2;3;3;4;3;3;2;4;4;4;2;1961;60;5.692307692;5.125;4.714285714;2.454545455;3.428571429;1.384615385;7;tertiary;3
295;2;4;3;2;1;2;4;5;3;5;2;3;3;3;2;1;1;1;0;0;1;6;6;6;5;5;6;4;6;3;2;5;3;4;3;1;2;1;3;2;2;4;2;4;2;1;1;1;1;4;1;3;1;1;1;2;1;2;1;3;1;1991;30;4.692307692;2.25;3;1.909090909;1.571428571;1.692307692;6;tertiary;6
296;6;6;5;5;1;5;5;5;6;5;5;6;6;6;1;1;1;2;0;1;1;2;2;5;7;6;5;7;5;4;6;6;5;4;2;2;5;4;5;2;4;5;2;2;5;3;3;3;2;4;2;3;1;4;1;4;2;;1;5;2;2001;20;4.923076923;3.625;5.142857143;2.727272727;2.833333333;1.692307692;4;secondary;7
297;5;5;5;3;3;5;5;5;5;6;5;5;5;6;1;1;1;0;0;1;0;6;3;3;7;6;5;6;5;6;3;5;6;6;5;6;6;6;6;6;6;6;2;2;4;4;3;3;4;5;3;3;;4;4;4;3;4;;5;2;1941;80;5.153846154;5.875;4.857142857;3.3;4;2;3;primary;4
298;4;4;4;3;3;3;3;2;4;4;4;4;3;3;3;3;3;3;1;1;2;3;2;3;3;4;2;4;3;2;4;3;3;5;2;5;2;4;5;3;2;4;2;2;4;2;2;2;2;5;2;3;2;5;2;3;2;3;;4;2;1999;22;3.153846154;3.375;3.428571429;2.545454545;3.166666667;2.615384615;4;secondary;16
299;3;5;3;2;3;2;3;2;3;4;3;3;4;3;1;0;1;1;0;1;0;7;4;6;5;6;6;5;5;6;5;5;5;4;4;4;5;5;5;4;4;6;3;3;4;3;3;3;4;4;4;4;3;4;3;4;3;3;3;3;2;1964;57;5.307692308;4.625;3.071428571;3.454545455;3.285714286;1.461538462;6;tertiary;4
300;5;6;6;5;6;1;5;1;6;6;4;6;5;6;0;0;0;0;1;1;0;7;6;5;7;7;7;6;7;7;7;6;7;6;2;1;3;4;4;5;4;6;2;3;3;3;3;3;3;4;3;3;3;5;3;3;3;3;3;4;1;1960;61;6.538461538;3.625;4.857142857;3;3.428571429;1.230769231;6;tertiary;2
301;1;2;1;1;1;1;2;2;2;3;2;2;3;1;3;3;3;3;2;2;1;1;1;2;3;6;5;5;3;1;1;5;2;5;1;1;4;3;2;1;3;4;1;1;3;1;1;1;1;5;2;1;1;4;1;4;1;4;1;3;2;1979;42;3.076923077;2.375;1.714285714;1.636363636;2.571428571;3.076923077;6;tertiary;17
302;2;5;2;2;6;2;6;4;4;5;6;5;4;6;3;1;3;2;1;2;2;7;5;5;7;6;7;6;5;6;4;5;6;7;3;4;2;4;4;3;4;4;3;4;3;1;2;2;3;5;3;3;3;5;5;3;1;4;4;5;2;1983;38;5.846153846;3.5;4.214285714;2.909090909;3.857142857;2.307692308;5;tertiary;14
303;5;6;4;6;5;4;6;1;5;5;5;6;5;6;3;3;3;2;1;2;2;7;4;6;6;7;5;4;2;2;3;2;2;6;2;2;1;6;4;4;4;6;3;4;4;3;3;3;4;5;4;4;;5;3;1;2;4;1;4;2;1976;45;4.307692308;3.625;4.928571429;3.7;2.857142857;2.461538462;6;tertiary;16
304;5;6;5;2;1;1;3;5;5;5;5;2;6;5;1;1;1;0;0;1;0;7;3;3;5;6;6;4;6;5;3;6;7;7;3;2;4;3;5;2;4;3;2;1;3;3;3;3;4;5;3;2;1;5;1;3;3;1;1;4;2;2001;20;5.230769231;3.25;4;2.727272727;2.571428571;1.307692308;4;secondary;4
305;6;6;5;3;4;2;5;2;4;5;5;5;4;4;1;1;1;0;1;1;1;2;3;3;5;7;3;4;3;4;3;4;6;5;2;2;2;5;4;6;5;4;1;1;2;1;1;1;1;3;1;2;3;4;2;2;1;2;2;2;2;1997;24;4;3.75;4.285714286;1.545454545;2.142857143;1.846153846;4;secondary;6
306;4;5;4;5;5;3;2;1;4;5;4;5;5;5;1;0;1;1;0;0;0;7;2;3;5;4;6;4;5;5;4;5;4;6;2;1;4;5;4;3;3;6;2;3;3;2;2;3;2;4;3;3;3;4;3;3;2;4;2;5;1;1993;28;4.615384615;3.5;4.071428571;2.727272727;3.285714286;1.307692308;6;tertiary;3
307;5;5;5;2;5;1;5;2;5;3;5;4;5;2;1;1;1;2;1;1;1;6;3;6;3;5;2;4;2;4;3;2;3;3;2;1;2;3;4;4;4;4;1;;;1;2;1;;3;;4;;5;;;2;4;;5;2;1992;29;3.538461538;3;3.857142857;2;4;2;6;tertiary;8
308;6;6;5;5;4;6;6;4;5;5;5;6;5;6;0;0;0;1;0;1;0;7;6;6;7;5;6;7;6;7;6;6;6;7;3;4;5;5;6;5;4;4;2;4;5;2;3;3;3;5;3;3;4;5;2;1;2;4;1;4;1;1972;49;6.307692308;4.5;5.285714286;3.363636364;2.714285714;1.307692308;6;tertiary;2
309;5;6;6;4;5;5;6;5;5;6;5;6;6;6;1;1;1;1;0;1;0;6;5;4;1;4;7;6;7;6;5;3;7;7;5;4;4;6;5;5;4;6;3;3;3;3;3;2;2;5;3;2;3;5;3;3;2;3;;4;2;1962;59;5.230769231;4.875;5.428571429;2.909090909;3.333333333;1.538461538;6;tertiary;5
310;3;2;2;2;3;2;2;2;1;2;3;3;2;3;1;1;1;1;1;1;1;6;4;5;5;3;3;3;3;2;4;4;2;3;4;2;4;4;3;3;4;5;2;4;3;1;1;1;1;4;1;2;4;4;1;1;1;2;4;4;1;1995;26;3.615384615;3.625;2.285714286;2.181818182;2.428571429;1.846153846;5;tertiary;7
311;3;5;4;4;6;4;3;2;4;5;5;4;2;5;1;1;1;1;1;1;1;7;3;3;6;4;4;4;4;4;4;4;6;7;4;2;3;5;5;3;3;4;2;4;4;2;2;2;2;4;3;3;1;5;3;4;3;5;;5;2;1997;24;4.615384615;3.625;4;2.636363636;4.166666667;1.692307692;5;tertiary;7
312;3;3;4;6;6;2;2;2;5;5;5;5;5;6;2;1;2;3;1;0;0;7;4;5;7;6;7;6;4;4;5;6;7;5;2;4;2;4;1;1;3;6;2;;5;1;1;1;1;5;1;4;;3;;;2;5;;5;2;1972;49;5.615384615;2.875;4.214285714;2.333333333;3.75;2.076923077;5;tertiary;9
313;5;4;5;4;6;3;4;4;3;3;6;4;3;5;1;1;1;0;1;1;0;7;7;6;5;6;6;5;4;4;4;5;5;6;5;5;4;5;5;6;5;5;2;3;3;1;2;1;2;5;2;3;4;4;3;3;2;4;4;4;2;1987;34;5.384615385;5;4.214285714;2.545454545;3.428571429;1.461538462;6;tertiary;5
314;5;5;6;4;4;3;3;2;5;5;5;5;4;5;1;1;1;0;0;1;1;7;5;4;7;3;6;5;3;3;4;3;6;3;5;6;1;1;4;7;4;4;2;5;5;2;2;2;3;5;4;5;5;5;3;1;1;5;5;5;2;2000;21;4.538461538;4;4.357142857;3.636363636;3.571428571;1.846153846;4;secondary;5
315;5;6;6;5;6;2;5;4;5;6;5;4;6;6;1;0;1;0;0;1;0;7;4;2;1;6;6;7;7;6;2;4;7;7;2;4;4;7;6;6;6;6;4;5;5;3;3;3;3;;3;3;1;4;3;3;3;3;1;5;2;1991;30;5.076923077;5.125;5.071428571;3.3;3.142857143;1.307692308;6;tertiary;3
316;3;3;3;1;2;1;1;1;3;2;2;1;2;2;1;0;1;0;0;1;1;2;2;3;3;6;3;2;2;3;2;5;4;3;4;2;2;3;4;3;4;2;3;;2;1;2;1;1;4;2;3;1;3;2;3;2;;;2;2;1999;22;3.076923077;3;1.928571429;2;2.4;1.461538462;4;secondary;4
317;4;4;5;4;5;3;4;3;4;4;5;3;4;5;1;1;1;2;1;1;0;5;5;3;3;6;3;2;5;2;3;2;2;5;2;3;4;3;3;3;4;5;1;2;3;1;1;1;3;5;1;3;;3;3;3;2;4;;5;2;1997;24;3.538461538;3.375;4.071428571;2.1;3.333333333;2;5;tertiary;7
318;3;3;3;2;1;1;2;2;2;3;2;2;2;4;1;1;1;1;1;1;0;2;2;2;6;4;4;5;3;4;3;2;5;3;2;1;6;2;2;2;2;5;2;4;2;3;3;2;5;5;3;2;1;5;1;1;1;4;3;2;2;1996;25;3.461538462;2.75;2.285714286;2.909090909;2.428571429;1.923076923;5;tertiary;6
319;3;2;2;1;1;1;5;2;2;2;2;4;1;2;2;2;3;3;2;2;2;3;3;2;3;3;1;5;1;1;2;4;1;2;2;4;1;2;3;3;1;2;2;3;3;1;1;1;1;4;2;3;;1;1;2;1;;1;3;2;1996;25;2.384615385;2.25;2.142857143;2.1;1.5;3;5;tertiary;16
320;5;6;4;4;6;3;4;4;6;5;6;5;6;5;1;0;0;0;0;1;0;7;6;5;5;7;7;4;5;6;6;6;5;7;1;2;2;4;5;3;4;3;3;4;4;1;2;2;2;4;3;3;3;4;1;3;1;1;1;4;2;1997;24;5.846153846;3;4.928571429;2.818181818;2.142857143;1.153846154;5;tertiary;2
321;4;5;5;4;4;1;2;2;5;4;4;4;6;4;1;1;1;1;0;1;0;6;5;5;6;7;5;4;5;3;4;6;5;6;2;1;3;3;4;4;2;5;;;3;2;2;2;2;5;2;3;2;3;1;2;2;3;;4;2;1998;23;5.153846154;3;3.857142857;2.555555556;2.5;1.615384615;5;tertiary;5
322;5;5;4;2;2;3;3;3;3;4;5;3;2;3;1;2;3;2;0;2;2;7;5;5;5;4;3;5;2;2;5;4;3;3;2;3;3;2;4;3;2;4;3;5;4;1;1;1;2;5;1;3;1;5;1;2;1;3;;3;2;1984;37;4.076923077;2.875;3.357142857;2.454545455;2.5;2.307692308;6;tertiary;12
323;4;5;4;3;3;2;2;3;3;4;4;5;4;5;2;1;1;1;1;2;0;6;4;5;6;3;4;5;4;2;3;3;6;2;3;2;5;4;4;3;4;5;1;2;2;1;1;1;2;3;1;2;1;4;1;2;1;2;1;4;2;1997;24;4.076923077;3.75;3.642857143;1.545454545;2.142857143;2.230769231;5;tertiary;8
324;4;2;2;2;1;1;1;1;5;5;4;2;4;3;1;2;2;1;1;1;2;6;3;3;7;3;5;3;3;2;3;5;7;2;2;2;3;2;2;6;6;2;2;3;4;1;1;1;1;4;2;5;1;4;2;1;1;2;1;3;2;1997;24;4;3.125;2.642857143;2.272727273;2;1.923076923;5;tertiary;10
325;5;6;5;3;3;2;6;3;6;6;6;5;6;5;2;0;1;0;0;0;1;7;4;6;5;7;7;6;6;5;5;4;6;7;3;1;3;3;4;5;3;7;5;5;4;1;2;1;4;5;;4;4;5;2;2;1;4;;5;2;1984;37;5.769230769;3.625;4.785714286;3.5;3.166666667;1.615384615;6;tertiary;4
326;2;3;2;3;5;2;4;1;4;3;2;3;3;2;1;1;0;1;0;2;0;6;3;5;5;6;6;5;6;6;6;6;6;4;2;5;5;5;2;4;2;4;3;3;2;1;2;1;3;4;2;3;1;2;4;1;1;4;1;3;2;1974;47;5.384615385;3.625;2.785714286;2.272727273;2.285714286;1.846153846;6;tertiary;5
327;4;4;3;3;6;4;5;2;3;1;5;5;4;4;0;0;0;0;0;0;0;3;2;2;6;7;6;4;5;7;3;5;2;6;2;4;4;5;6;5;5;3;2;1;3;1;1;1;1;4;1;;1;3;3;4;1;1;;4;2;1952;69;4.461538462;4.25;3.785714286;1.6;2.666666667;1.076923077;3;primary;0
328;3;4;2;1;2;1;2;1;5;5;5;2;6;5;3;1;1;2;1;2;1;4;1;2;4;2;4;3;6;5;4;5;5;3;1;2;1;4;1;4;4;4;2;2;2;1;1;1;1;3;1;1;1;4;3;1;1;1;1;4;2;1991;30;3.692307692;2.625;3.142857143;1.454545455;2.142857143;2.384615385;4;secondary;11
329;3;4;3;4;4;1;2;1;3;3;4;6;5;5;2;2;2;1;1;2;2;3;3;3;5;3;1;5;3;3;2;3;5;3;3;2;2;5;4;5;4;4;2;2;2;2;2;2;2;3;2;2;1;5;3;1;1;3;1;2;2;1993;28;3.230769231;3.625;3.428571429;2;2.285714286;2.538461538;4;secondary;12
330;6;6;5;5;5;3;5;5;5;6;6;5;6;5;1;1;3;1;1;1;1;5;3;5;7;7;6;5;4;5;4;3;6;3;3;6;3;7;5;7;5;5;2;5;5;1;2;1;2;5;3;4;;5;2;4;1;5;;4;1;1990;31;4.846153846;5.125;5.214285714;3;3.5;1.769230769;6;tertiary;9
331;2;6;1;2;2;1;2;1;4;2;5;3;2;2;2;2;2;3;1;2;0;6;3;2;5;5;4;6;7;5;4;3;5;5;3;1;2;2;3;2;1;4;1;2;2;1;1;1;2;2;2;2;1;4;1;1;1;2;1;3;2;1998;23;4.615384615;2.25;2.5;1.545454545;1.857142857;2.769230769;4;secondary;12
332;2;2;1;1;2;1;2;1;3;1;3;2;3;1;3;3;2;3;2;3;2;6;6;5;5;1;1;1;1;1;2;4;2;2;2;2;5;4;3;3;2;5;1;1;1;1;1;1;1;4;1;1;1;3;1;3;1;1;4;5;2;1999;22;2.846153846;3.25;1.785714286;1.272727273;2.571428571;3.230769231;4;secondary;18
333;5;6;5;5;6;2;2;2;5;6;6;3;6;6;3;1;2;0;0;1;2;6;4;7;7;6;6;5;4;3;5;6;7;7;2;2;2;4;4;3;2;4;2;4;3;1;2;1;3;5;1;4;1;5;3;1;2;4;1;3;1;1985;36;5.615384615;2.875;4.642857143;2.454545455;2.714285714;1.692307692;6;tertiary;9
334;4;5;5;3;2;3;5;2;4;4;4;5;4;5;1;1;1;0;0;2;1;6;3;2;4;3;4;6;4;3;1;3;3;5;2;3;1;3;4;3;2;6;5;5;5;1;3;2;3;5;2;4;4;3;3;4;2;2;3;4;1;2000;21;3.615384615;3;3.928571429;3.545454545;3;1.769230769;4;secondary;6
335;5;6;5;3;5;4;3;2;3;3;5;5;4;5;1;1;1;1;1;0;0;7;5;6;5;6;3;1;5;5;5;3;3;7;3;1;3;3;5;3;2;3;4;3;4;1;1;1;1;5;1;4;2;5;3;3;1;;;5;2;2001;20;4.692307692;2.875;4.142857143;2.454545455;3.4;1.692307692;4;secondary;5
336;5;6;5;2;6;2;6;4;6;3;6;6;5;6;3;0;2;1;0;2;0;7;6;6;7;6;7;3;7;2;3;2;7;3;1;1;3;5;5;2;3;7;3;1;2;1;2;2;4;5;4;4;1;5;5;1;2;5;1;5;2;1971;50;5.076923077;3.375;4.857142857;2.636363636;3.428571429;2;7;tertiary;8
337;5;5;5;5;5;3;3;3;4;4;5;5;6;5;2;1;1;1;1;1;1;7;4;5;5;6;5;5;2;2;4;5;6;2;3;6;4;5;5;4;4;5;3;4;4;2;3;;;5;3;;2;5;2;3;3;4;3;5;2;1993;28;4.461538462;4.5;4.5;3.25;3.571428571;1.769230769;6;tertiary;8
338;2;2;2;2;4;1;2;1;2;3;4;3;4;2;3;3;3;2;3;3;3;3;2;4;5;3;1;3;1;1;5;3;1;1;3;1;1;1;2;1;1;2;2;3;1;1;1;1;1;4;1;3;1;1;1;3;1;;1;3;2;2000;21;2.538461538;1.5;2.428571429;1.727272727;1.666666667;3.461538462;4;secondary;20
339;4;2;3;3;4;1;2;1;6;5;6;5;5;3;2;0;0;2;0;1;1;7;5;5;3;7;7;3;6;7;6;6;7;6;2;2;1;2;1;6;1;2;3;2;3;1;1;1;1;4;1;4;2;5;5;;1;5;1;5;2;1983;38;5.769230769;2.125;3.571428571;2.090909091;3.666666667;1.538461538;4;secondary;6
340;5;6;5;5;4;2;3;3;5;5;5;5;6;5;0;1;1;1;1;1;1;7;5;5;7;7;7;6;4;6;5;4;6;7;2;5;5;6;5;5;5;7;3;4;4;2;2;1;2;3;1;1;4;4;3;3;1;4;2;3;1;1982;39;5.846153846;5;4.571428571;2.454545455;2.857142857;1.538461538;7;tertiary;6
341;6;6;4;3;4;4;4;3;4;5;3;4;5;4;1;1;1;1;0;1;0;7;6;6;6;6;7;6;6;6;6;6;6;6;2;6;6;6;5;6;5;6;2;4;5;4;4;4;4;5;3;3;2;5;3;3;4;;;4;1;1957;64;6.153846154;5.25;4.214285714;3.636363636;3.8;1.538461538;7;tertiary;5
342;5;6;6;5;6;3;5;4;6;5;6;6;5;6;1;1;1;1;0;1;0;6;5;7;6;6;6;6;5;6;3;5;7;6;4;3;3;3;3;3;3;4;2;3;3;1;2;2;2;4;4;3;1;5;1;4;2;5;;5;2;1994;27;5.692307692;3.25;5.285714286;2.454545455;3.666666667;1.461538462;6;tertiary;5
343;1;2;1;2;1;1;3;1;4;2;2;1;2;1;3;1;3;1;0;3;3;7;1;2;7;2;7;4;7;3;2;6;2;4;1;4;1;2;2;5;1;4;3;;3;1;2;1;2;5;1;2;1;2;1;4;1;1;1;4;2;1975;46;4.153846154;2.5;1.714285714;2.1;2;2.769230769;6;tertiary;14
344;5;6;6;2;6;3;5;5;6;5;5;6;5;6;1;1;2;1;1;1;1;7;7;6;7;6;6;4;5;7;6;6;6;7;2;6;4;5;3;2;4;5;2;5;5;1;1;1;3;5;4;4;;5;2;;2;;;5;1;2001;20;6.153846154;3.875;5.071428571;3.1;3.5;1.769230769;1;primary;8
345;1;2;2;1;1;1;2;3;3;4;2;3;4;4;3;1;2;2;0;1;2;6;3;2;3;3;4;3;2;2;2;6;2;2;2;1;3;3;3;1;3;5;2;5;3;1;1;;2;5;2;4;;2;1;3;2;3;;4;2;1986;35;3.076923077;2.625;2.357142857;2.777777778;2.5;2.461538462;6;tertiary;11
346;5;6;5;5;4;4;5;3;6;5;5;5;6;6;1;0;0;1;0;1;0;7;5;6;7;6;5;7;7;7;6;5;7;7;3;3;5;5;5;6;5;6;3;3;3;3;3;2;2;4;3;3;2;4;3;3;2;4;1;3;2;1984;37;6.307692308;4.75;5;2.818181818;2.857142857;1.384615385;7;tertiary;3
347;5;6;6;3;5;2;4;3;4;3;6;5;4;5;1;1;2;0;0;2;1;7;6;6;4;6;4;5;3;4;4;5;5;3;3;5;3;4;3;5;3;7;3;3;3;3;3;3;3;4;3;3;3;4;2;3;1;;3;4;2;1999;22;4.769230769;4.125;4.357142857;3.090909091;2.833333333;1.769230769;4;secondary;7
348;5;6;5;2;4;3;2;1;4;4;4;5;6;6;1;1;1;0;0;1;0;7;3;4;5;5;6;6;4;6;4;6;5;4;4;4;1;4;4;2;3;6;2;4;;1;1;1;1;5;1;;;5;3;;1;5;;5;2;1995;26;5;3.5;4.071428571;2;3.8;1.384615385;4;secondary;4
349;5;5;5;4;3;1;4;1;5;6;5;5;5;4;1;3;1;1;1;1;0;5;6;6;5;7;7;5;5;4;6;3;6;6;3;4;1;4;3;1;2;7;2;2;2;1;1;1;1;5;2;3;;5;5;4;1;;;5;2;1980;41;5.461538462;3.125;4.142857143;2;4;2;6;tertiary;8
350;4;6;5;6;5;5;4;2;4;5;6;5;3;6;2;2;2;3;2;2;1;7;3;4;7;4;3;5;4;3;3;6;5;3;3;6;3;3;4;2;2;4;3;5;5;2;2;2;4;5;3;3;1;5;2;3;2;;;2;2;1981;40;4.384615385;3.375;4.714285714;3.181818182;2.8;2.461538462;6;tertiary;14
351;3;2;3;3;2;3;5;5;2;1;1;4;4;4;3;3;3;3;3;3;1;3;2;3;4;2;6;1;1;1;1;2;2;1;2;5;4;4;3;2;2;5;3;4;4;1;3;1;4;5;3;3;5;2;1;3;1;;4;1;2;1996;25;2.230769231;3.375;3;3.272727273;2;3;2;primary;19
352;5;6;6;5;5;5;5;5;5;6;5;6;5;6;0;0;0;1;1;1;0;5;6;6;7;7;7;6;6;6;6;6;7;6;3;4;4;4;4;3;5;4;3;3;4;3;3;3;4;5;4;4;2;5;3;5;4;5;4;4;2;1965;56;6.230769231;3.875;5.357142857;3.454545455;4.285714286;1.461538462;7;tertiary;3
353;5;6;4;4;2;3;5;3;4;4;5;5;4;6;1;0;1;0;0;0;0;6;6;5;6;6;7;6;5;4;5;4;5;4;4;2;3;5;4;4;3;5;3;4;4;1;1;1;2;5;2;3;1;4;1;1;1;;1;4;2;1991;30;5.307692308;3.75;4.285714286;2.454545455;2;1.230769231;6;tertiary;2
354;4;6;5;4;3;3;5;2;4;4;3;5;3;3;0;0;1;1;0;1;0;6;6;6;4;7;5;4;3;5;6;5;5;6;3;2;5;5;5;6;4;4;3;4;4;1;2;1;3;4;2;3;4;5;5;3;1;5;;5;1;1990;31;5.230769231;4.25;3.857142857;2.818181818;4;1.307692308;6;tertiary;3
355;3;6;5;5;2;5;5;5;5;5;5;5;6;6;1;0;1;0;0;1;0;4;4;3;6;5;5;6;4;6;5;5;6;6;4;4;4;6;5;3;2;4;2;3;2;2;4;2;3;3;2;3;1;4;3;4;3;1;1;4;1;1999;22;5;4;4.857142857;2.454545455;2.857142857;1.461538462;4;secondary;3
356;2;3;2;3;5;1;5;3;2;2;5;1;2;3;2;2;2;1;0;2;1;7;5;5;5;6;5;4;4;3;4;6;5;6;2;1;4;5;4;4;4;6;3;;3;1;2;2;2;4;2;4;;4;2;1;1;3;;4;2;1988;33;5;3.75;2.785714286;2.555555556;2.5;2.307692308;6;tertiary;10
357;5;5;4;1;2;1;5;3;5;5;6;2;6;6;1;1;1;0;1;2;0;7;4;6;6;7;7;4;6;6;3;5;6;5;2;2;3;3;5;5;3;6;2;3;3;2;2;2;4;4;4;5;3;5;4;2;2;;;4;2;1984;37;5.538461538;3.625;4;3.090909091;3.4;1.615384615;6;tertiary;6
358;5;5;5;1;4;2;2;1;2;2;3;1;2;3;1;1;1;0;0;1;0;4;6;4;6;5;5;2;5;4;4;6;5;4;4;7;5;5;5;6;6;6;1;2;3;3;3;3;2;4;2;2;1;3;2;2;3;1;1;4;2;1956;65;4.615384615;5.5;2.714285714;2.363636364;2.285714286;1.384615385;6;tertiary;4
359;5;5;4;3;2;1;3;1;3;4;4;4;5;4;1;1;1;0;0;1;0;7;3;6;6;7;5;3;3;3;4;3;3;3;2;1;3;5;3;5;5;6;4;4;4;1;2;1;2;4;1;3;4;5;1;4;3;5;;4;2;1967;54;4.307692308;3.75;3.428571429;2.727272727;3.666666667;1.307692308;6;tertiary;4
360;4;3;3;2;2;1;2;1;2;1;4;1;2;1;3;2;2;1;1;2;0;6;3;3;2;3;1;4;1;1;2;4;2;3;3;1;3;5;4;2;1;4;3;;2;1;2;1;2;4;2;;;5;1;4;1;;;5;2;1995;26;2.692307692;2.875;2.071428571;2.125;3.2;2.307692308;5;tertiary;11
361;6;6;6;5;6;5;5;4;5;5;5;5;5;6;1;1;1;1;0;1;0;7;4;4;7;6;6;4;4;4;5;6;7;5;3;4;1;4;4;3;5;4;1;;;1;;;3;5;;3;;4;4;4;2;;4;5;2;1986;35;5.307692308;3.5;5.285714286;2.6;3.833333333;1.538461538;7;tertiary;5
362;5;6;5;3;2;3;3;2;4;5;4;4;4;4;1;1;1;1;1;1;1;6;3;4;5;6;4;5;6;4;6;3;6;6;2;4;4;5;4;4;4;5;3;;;2;;;4;5;;;1;2;1;2;2;4;;4;2;1990;31;4.923076923;4;3.857142857;3;2.5;1.538461538;5;tertiary;7
363;2;3;3;5;3;2;2;3;3;5;6;6;5;6;3;2;3;3;3;3;2;3;5;5;4;6;2;3;1;4;5;5;7;7;2;4;1;2;5;4;5;3;4;5;5;1;2;1;1;5;1;4;;3;2;1;1;1;1;4;2;2002;19;4.384615385;3.25;3.857142857;2.9;1.857142857;3.076923077;4;secondary;19
364;4;5;4;4;2;1;3;1;2;3;2;3;3;4;1;1;1;1;1;2;0;6;5;5;6;6;6;4;5;4;4;5;4;6;4;3;2;3;4;5;5;5;3;4;4;1;2;1;2;4;1;2;;3;2;3;1;4;;5;2;1980;41;5.076923077;3.875;2.928571429;2.4;3;1.923076923;6;tertiary;7
365;5;5;5;3;5;2;4;2;4;6;5;6;3;4;1;0;0;0;0;1;0;5;6;6;6;6;6;5;3;6;1;2;6;5;2;7;2;3;3;3;5;2;1;4;4;2;3;3;4;1;2;1;4;4;3;1;2;3;;5;2;1994;27;4.846153846;3.375;4.214285714;2.636363636;3;1.538461538;5;tertiary;2
366;5;6;4;2;2;3;4;2;2;4;5;4;2;3;2;3;3;2;1;1;1;6;6;6;4;5;5;5;1;1;2;5;6;2;3;5;3;3;5;3;4;6;3;4;4;1;2;1;2;5;;5;;4;2;1;1;5;3;5;1;1982;39;4.153846154;4;3.428571429;3;3;2.384615385;6;tertiary;13
367;4;6;5;5;1;2;5;4;5;6;5;5;5;5;1;1;1;2;2;2;1;6;6;3;7;6;7;6;5;3;3;6;6;3;3;2;2;4;4;3;3;4;2;4;4;1;3;2;2;4;2;3;1;4;1;3;1;3;1;4;2;1962;59;5.153846154;3.125;4.5;2.545454545;2.428571429;2.076923077;6;tertiary;10
368;3;5;4;3;3;1;3;2;3;5;5;3;5;3;1;0;1;1;0;1;0;4;5;5;5;5;6;3;4;4;5;5;4;6;2;1;4;6;5;6;5;6;3;3;3;1;2;3;2;3;2;3;1;5;4;1;2;5;1;5;2;1975;46;4.692307692;4.375;3.428571429;2.363636364;3.285714286;1.384615385;6;tertiary;4
369;5;5;4;3;3;2;4;2;4;5;2;4;4;4;2;1;1;1;0;0;1;4;5;4;5;6;5;3;5;6;5;5;5;6;2;4;5;5;4;4;5;4;3;2;2;2;2;2;2;4;2;3;2;3;1;1;1;3;1;3;2;1982;39;4.923076923;4.125;3.642857143;2.363636364;1.857142857;2.692307692;6;tertiary;6
370;6;6;5;5;6;3;5;4;5;6;4;5;5;5;1;1;1;0;0;1;0;7;6;6;5;6;7;5;5;6;6;6;6;6;5;7;6;5;5;3;5;7;4;4;3;1;1;1;1;4;3;4;2;5;5;3;1;4;2;5;2;1975;46;5.923076923;5.375;5;2.545454545;3.571428571;1.384615385;6;tertiary;4
371;3;5;1;2;4;2;3;1;5;4;4;2;5;4;3;3;3;2;1;2;2;7;3;3;7;3;5;1;6;1;3;3;3;3;1;2;5;5;4;5;3;4;4;4;3;3;3;3;3;4;3;3;2;5;1;1;1;1;1;4;2;1997;24;3.692307692;3.625;3.214285714;3.181818182;2;2.538461538;5;tertiary;16
372;3;4;3;4;4;1;2;2;5;3;5;4;5;4;3;3;3;2;1;1;3;6;3;2;5;4;6;6;3;5;3;3;6;3;3;5;3;5;4;3;3;4;3;4;4;2;3;2;2;5;2;4;;3;1;3;2;3;;4;2;1991;30;4.230769231;3.75;3.5;3.1;2.666666667;2.769230769;6;tertiary;16
373;4;5;4;4;6;3;4;2;4;5;5;5;2;5;1;0;0;2;0;1;0;6;6;6;5;7;6;5;5;5;4;3;6;7;2;3;1;5;3;3;3;5;3;3;3;1;2;2;3;5;4;3;1;4;1;4;1;3;1;5;2;2002;19;5.461538462;3.125;4.142857143;2.727272727;2.714285714;1.615384615;2;primary;4
374;2;4;6;2;2;2;3;2;4;6;4;6;6;3;1;1;1;0;0;1;1;2;4;4;3;6;3;3;1;1;2;5;2;5;3;2;2;3;4;5;4;6;1;4;4;1;1;1;2;3;1;4;;5;1;3;1;3;;3;2;1979;42;3.153846154;3.625;3.714285714;2.2;2.666666667;1.692307692;7;tertiary;5
375;5;3;5;3;1;2;2;5;3;4;2;2;2;5;2;1;1;0;1;1;1;6;6;6;4;7;6;5;2;6;6;4;4;6;2;2;3;6;5;6;4;6;2;2;2;2;2;2;3;4;3;2;1;5;4;;4;5;;3;2;1982;39;5.230769231;4.25;3.142857143;2.272727273;4.2;1.923076923;6;tertiary;7
376;4;5;4;1;5;5;5;4;4;4;4;3;5;6;2;2;2;2;1;1;1;2;4;3;5;3;4;5;3;3;5;4;4;3;4;4;3;3;3;3;4;4;2;3;2;1;2;1;2;4;1;2;1;4;2;2;2;3;1;4;1;2000;21;3.692307692;3.5;4.214285714;1.909090909;2.571428571;2.076923077;4;secondary;11
377;4;5;6;3;5;2;3;2;3;2;3;3;4;4;2;1;1;2;0;0;2;7;3;6;4;6;3;4;4;2;3;5;5;5;2;1;7;6;4;2;4;4;4;5;5;1;1;1;1;5;1;4;;5;1;4;1;5;;4;1;1995;26;4.384615385;3.75;3.5;2.8;3.333333333;1.769230769;5;tertiary;8
378;5;5;5;5;5;2;5;2;5;6;5;5;5;5;1;1;1;1;1;1;1;7;6;5;7;5;6;5;3;5;3;6;6;3;5;1;2;3;4;3;3;4;2;4;4;1;2;1;1;4;3;2;3;5;4;4;1;2;4;4;2;1979;42;5.153846154;3.125;4.642857143;2.454545455;3.428571429;2.076923077;5;tertiary;7
379;5;6;6;4;3;2;3;2;6;6;5;5;6;6;1;1;1;2;1;1;1;4;5;7;6;5;7;6;5;6;5;2;6;6;2;3;2;2;4;1;1;3;1;2;2;1;2;1;2;5;1;1;2;4;1;1;2;4;1;5;2;1996;25;5.384615385;2.25;4.642857143;1.818181818;2.571428571;2.076923077;5;tertiary;8
380;6;6;6;4;4;4;3;2;5;6;6;6;5;5;0;0;1;0;0;1;0;7;4;4;6;4;7;7;6;7;6;3;7;7;7;1;7;3;3;3;4;3;1;3;4;1;2;1;3;4;2;3;1;5;3;1;2;3;1;4;1;1978;43;5.769230769;3.875;4.857142857;2.272727273;2.714285714;1.307692308;4;secondary;2
381;6;6;6;6;6;6;5;4;5;5;6;5;5;6;1;1;1;0;0;1;0;7;6;6;6;2;5;7;5;5;4;3;7;6;5;5;5;4;4;2;4;5;4;5;5;4;4;4;5;5;4;4;5;5;5;1;4;5;5;5;2;1991;30;5.307692308;4.25;5.5;4.454545455;4.285714286;1.384615385;6;tertiary;4
382;5;6;5;4;5;3;5;4;5;5;5;4;5;5;0;1;1;0;1;2;1;5;5;6;5;3;3;4;1;4;6;2;3;6;3;5;5;2;6;2;1;4;1;4;3;3;1;1;1;5;2;2;2;4;2;2;3;3;2;4;1;1989;32;4.076923077;3.5;4.714285714;2.272727273;2.857142857;1.538461538;6;tertiary;6
383;4;5;3;3;5;2;3;2;3;4;4;3;4;4;2;1;1;1;0;2;0;6;6;7;6;3;6;6;4;2;3;3;6;6;3;3;1;3;5;5;5;2;1;2;2;1;1;1;1;4;2;2;3;3;3;;2;4;;4;2;1991;30;4.923076923;3.375;3.5;1.818181818;3.2;1.538461538;7;tertiary;7
384;5;6;5;3;1;2;3;3;4;5;4;4;3;5;2;2;3;2;1;1;0;3;5;6;5;6;3;6;4;3;5;4;6;5;5;6;4;5;5;5;4;5;2;4;3;3;3;3;2;5;2;3;;4;4;;2;4;;4;1;1967;54;4.692307692;4.875;3.785714286;3;3.6;2;4;secondary;11
385;2;4;2;1;6;2;3;3;4;3;4;5;5;2;1;1;1;1;0;2;1;3;5;6;4;2;2;6;1;2;4;3;5;4;2;5;2;4;5;3;3;4;3;5;3;1;1;1;2;4;2;4;1;5;4;2;1;1;1;3;1;1998;23;3.615384615;3.5;3.285714286;2.454545455;2.428571429;1.692307692;4;secondary;7
386;5;6;6;6;6;5;5;4;5;6;5;5;5;6;1;0;2;1;1;1;1;6;5;5;6;6;6;5;6;6;5;5;6;7;2;6;2;5;5;5;4;4;2;2;3;1;1;1;1;4;1;2;1;4;4;3;1;5;1;4;2;1984;37;5.692307692;4.125;5.357142857;1.727272727;3.142857143;1.769230769;6;tertiary;7
387;5;5;5;6;1;6;6;6;6;5;6;5;6;6;1;0;1;0;0;0;0;7;6;7;7;7;7;6;6;7;7;6;7;7;1;4;5;7;5;2;3;6;3;2;4;1;1;1;1;5;1;4;1;5;5;1;1;4;;5;1;1985;36;6.692307692;4.125;5.285714286;2.181818182;3.5;1.307692308;4;secondary;2
388;3;6;3;4;6;3;5;2;3;6;5;6;6;6;3;3;3;3;2;3;3;6;3;5;6;3;3;5;3;3;5;5;6;4;6;4;2;2;5;2;5;4;2;3;4;1;1;1;1;3;1;4;3;5;4;5;1;2;;4;1;1978;43;4.384615385;3.75;4.571428571;2.181818182;3.5;3;3;primary;20
389;5;6;6;5;5;3;4;2;5;5;5;5;6;6;1;0;1;0;1;1;1;2;5;6;6;5;6;6;6;6;5;5;6;6;3;4;4;4;4;4;5;4;3;3;3;1;1;1;1;5;1;3;3;5;4;3;1;4;1;4;1;1967;54;5.384615385;4;4.857142857;2.272727273;3.142857143;1.461538462;4;secondary;5
390;5;5;5;4;6;4;5;4;4;6;5;4;4;5;0;0;1;0;1;1;0;7;7;6;5;6;7;6;7;6;6;6;6;6;3;5;5;3;5;4;4;5;3;;3;2;3;3;3;5;3;4;3;5;4;2;2;1;1;4;1;1978;43;6.230769231;4.25;4.714285714;3.2;2.714285714;1.230769231;4;secondary;3
391;3;5;5;2;5;2;4;4;3;5;5;4;5;4;1;1;1;0;0;1;0;7;3;3;7;5;5;5;6;6;5;4;5;5;4;4;2;6;4;5;4;4;3;3;4;3;3;3;2;5;3;1;1;4;3;3;3;3;1;3;1;1975;46;5.076923077;4.125;4;2.818181818;2.857142857;1.384615385;4;secondary;4
392;4;3;3;3;3;4;4;3;4;4;4;4;4;4;2;1;1;1;2;2;2;5;3;4;4;4;4;4;4;4;4;4;4;4;4;4;4;4;4;4;4;4;3;3;3;3;3;3;3;3;3;3;3;5;1;1;1;1;1;3;1;1982;39;4;4;3.642857143;3;1.857142857;2.076923077;4;secondary;11
393;5;6;6;6;5;6;5;5;5;6;5;5;5;6;1;0;1;1;0;1;0;5;7;6;6;7;7;7;6;7;6;5;7;7;2;4;4;6;4;2;4;4;2;2;2;2;1;1;3;4;2;3;;5;3;;2;5;;4;1;1992;29;6.384615385;3.75;5.428571429;2.2;3.8;1.307692308;4;secondary;4
394;3;5;4;4;5;3;3;2;5;5;5;5;5;6;3;2;2;1;3;3;3;1;1;2;6;5;5;5;5;3;3;5;3;4;2;3;3;3;4;4;3;3;2;3;3;1;2;2;2;4;3;3;2;5;1;1;3;4;1;4;1;1986;35;3.692307692;3.125;4.285714286;2.454545455;2.714285714;2.846153846;5;tertiary;17
395;5;6;5;5;1;3;5;3;5;5;3;4;5;5;1;1;0;0;0;0;1;2;5;5;5;6;6;6;5;6;5;4;7;6;2;5;4;4;6;6;4;4;1;3;2;1;1;1;1;3;1;2;1;4;2;2;1;3;1;3;1;1963;58;5.230769231;4.375;4.285714286;1.545454545;2.285714286;1.384615385;4;secondary;3
396;2;3;1;2;5;1;2;1;4;3;5;5;3;2;3;2;3;2;2;3;3;5;4;6;5;6;3;7;2;2;2;4;3;3;2;6;3;3;3;3;4;4;2;5;5;4;4;4;3;5;3;5;;5;5;3;4;5;4;3;1;1973;48;4;3.5;2.785714286;4;4.142857143;2.769230769;5;tertiary;18
397;5;6;5;5;4;3;5;4;5;5;5;4;4;4;1;1;1;2;0;1;1;5;4;6;3;3;4;5;5;3;5;4;5;5;2;4;5;5;4;4;5;5;3;4;2;2;1;1;2;4;3;4;1;4;4;3;2;3;1;3;1;1969;52;4.384615385;4.25;4.571428571;2.454545455;2.857142857;1.846153846;4;secondary;7
398;4;6;5;5;1;4;5;4;5;5;5;4;4;5;1;1;1;0;0;0;1;5;6;6;6;6;7;5;6;6;6;4;7;6;3;6;1;2;3;4;3;4;2;4;4;1;1;1;1;4;1;3;1;5;4;3;1;4;1;4;1;1970;51;5.846153846;3.25;4.428571429;2.090909091;3.142857143;1.307692308;3;primary;4
399;1;6;1;5;6;1;5;1;5;5;5;1;6;6;3;0;1;0;0;2;1;7;6;6;7;6;7;4;7;2;4;1;7;7;1;1;1;1;1;7;1;4;1;3;4;1;1;1;1;5;1;3;1;3;2;1;1;1;1;4;1;1956;65;5.461538462;2.125;3.857142857;2;1.857142857;2.076923077;7;tertiary;7
400;1;6;1;6;6;1;6;1;6;6;3;6;6;2;3;0;1;0;3;3;1;7;7;3;5;4;7;5;6;1;5;1;5;7;1;1;1;4;1;7;1;5;1;3;4;1;1;1;1;5;1;4;1;;3;1;1;1;1;5;1;1956;65;4.846153846;2.625;4.071428571;2.090909091;2;2.076923077;7;tertiary;11
401;3;3;3;1;2;1;1;1;5;6;6;5;5;4;3;3;3;1;2;3;2;6;5;3;7;4;7;5;6;6;5;4;6;6;1;6;2;3;2;2;2;5;2;1;3;1;1;1;1;3;2;2;1;5;5;2;1;3;;5;1;1975;46;5.384615385;2.875;3.285714286;1.636363636;3.5;2.307692308;4;secondary;17
402;4;4;2;1;2;1;2;2;5;4;2;2;5;4;0;0;0;0;0;1;0;6;5;5;6;6;7;4;6;7;6;5;6;6;5;1;6;6;5;3;6;7;4;5;4;1;2;1;2;4;3;5;;5;3;1;1;2;;3;1;1975;46;5.769230769;4.875;2.857142857;3.1;2.5;1.153846154;6;tertiary;1
403;5;6;6;6;5;5;4;3;6;6;5;5;5;4;0;0;1;1;0;1;0;7;7;6;5;7;7;6;6;6;6;6;4;6;3;3;3;5;3;2;2;5;1;1;2;3;3;3;2;5;2;2;1;5;2;2;2;4;1;5;1;1987;34;6.076923077;3.25;5.071428571;2.272727273;3;1.307692308;6;tertiary;3
404;2;3;3;2;2;2;4;2;2;3;5;3;4;3;3;2;3;1;1;2;1;2;6;6;4;6;3;5;3;1;2;6;3;3;2;3;1;2;3;1;2;1;4;4;4;1;2;1;2;5;3;3;1;3;1;2;2;4;1;4;1;1996;25;3.846153846;1.875;2.857142857;2.727272727;2.428571429;2.307692308;5;tertiary;13
405;5;6;5;5;6;4;3;2;4;5;5;5;5;5;1;1;2;1;1;2;1;5;2;3;6;4;6;6;4;2;2;4;6;5;3;6;2;5;3;3;1;4;2;4;4;2;2;2;3;4;3;3;3;4;3;1;2;4;1;3;1;1981;40;4.230769231;3.375;4.642857143;2.909090909;2.571428571;2.076923077;6;tertiary;9
406;3;3;3;2;6;3;4;2;4;5;6;4;5;5;2;1;1;0;1;2;1;6;5;5;6;6;5;3;5;6;4;4;5;6;3;4;5;5;5;5;5;4;2;4;4;2;2;2;3;4;3;3;1;4;3;3;2;2;1;3;1;1987;34;5.076923077;4.5;3.928571429;2.727272727;2.571428571;1.846153846;6;tertiary;8
407;4;5;4;2;6;2;2;2;4;4;3;5;4;5;2;2;2;2;3;3;2;5;3;4;4;5;6;6;4;6;5;4;4;5;5;5;5;5;4;1;7;3;2;3;3;1;1;1;1;4;3;4;2;4;4;2;2;2;2;4;1;1952;69;4.692307692;4.375;3.714285714;2.272727273;2.857142857;2.384615385;4;secondary;16
408;4;5;4;3;1;1;2;1;5;6;5;4;4;5;2;1;3;0;3;1;0;7;7;7;7;7;5;7;5;5;6;6;7;7;1;1;1;2;1;6;1;3;3;1;3;1;1;1;1;5;1;2;1;5;;2;2;5;3;4;1;1966;55;6.384615385;2;3.571428571;1.818181818;3.5;1.923076923;4;secondary;10
409;3;4;4;4;2;3;4;4;4;4;4;5;4;4;2;1;1;2;2;1;1;6;2;3;5;2;5;5;3;3;3;2;3;4;3;4;2;3;3;2;3;3;3;3;3;1;1;1;2;5;3;4;2;5;5;3;1;2;2;4;1;1982;39;3.538461538;2.875;3.785714286;2.545454545;3.142857143;2.153846154;6;tertiary;10
410;6;6;5;5;1;5;4;3;5;6;5;5;5;5;0;0;1;1;0;1;0;6;5;5;7;4;4;6;6;6;5;4;6;1;1;7;4;4;4;4;4;4;1;1;3;1;1;1;3;5;1;3;1;5;3;3;3;3;1;5;1;1966;55;5;4;4.714285714;1.909090909;3.285714286;1.384615385;4;secondary;3
411;4;5;3;5;1;1;3;2;4;6;4;6;6;6;1;2;3;1;1;1;1;6;2;3;7;7;7;5;4;4;4;1;7;7;2;3;1;3;4;3;3;3;3;5;5;2;2;2;3;5;3;3;1;5;1;1;1;2;;3;1;1979;42;4.923076923;2.75;4;3.090909091;2.166666667;2.153846154;4;secondary;10
412;4;5;5;3;2;2;3;1;4;6;5;5;5;5;1;1;1;1;2;1;0;6;4;4;7;2;6;5;6;6;4;6;6;6;2;6;4;5;4;2;3;2;3;5;5;1;1;1;1;;2;3;1;5;3;3;1;2;1;5;1;1971;50;5.230769231;3.5;3.928571429;2.3;2.857142857;1.923076923;4;secondary;7
413;5;6;5;6;6;1;2;1;5;5;3;6;6;6;1;0;1;0;1;2;1;2;2;3;7;6;7;4;3;3;4;6;7;6;2;1;1;2;3;2;5;1;1;4;2;1;1;1;1;4;1;4;1;5;1;3;1;5;1;5;1;1973;48;4.615384615;2.125;4.5;1.909090909;3;1.692307692;8;primary;6
414;4;6;5;5;1;5;5;4;5;6;5;5;5;5;1;2;1;0;0;1;0;6;5;6;6;5;7;6;7;6;6;5;7;6;3;3;2;4;5;4;2;3;2;3;4;2;2;4;3;5;3;5;2;5;3;3;2;4;2;4;1;1961;60;6;3.25;4.714285714;3.181818182;3.285714286;1.461538462;3;primary;5
415;5;5;6;6;5;6;6;4;5;6;5;6;6;6;1;0;0;0;1;0;0;7;6;7;7;7;7;4;6;6;7;6;6;7;4;1;6;7;6;4;5;6;3;4;4;3;3;3;3;5;4;5;3;5;2;1;3;5;2;3;1;1976;45;6.384615385;4.875;5.5;3.636363636;3;1.384615385;3;primary;2
416;5;6;6;5;4;6;5;5;5;5;5;5;5;5;1;1;1;1;1;1;1;4;6;6;5;6;5;6;5;6;5;4;6;6;2;3;3;7;4;5;4;4;1;2;3;2;2;2;2;4;2;2;5;3;1;1;1;4;4;4;1;1989;32;5.384615385;4;5.142857143;2.454545455;2.571428571;1.615384615;4;secondary;7
417;5;6;6;5;6;5;5;4;5;5;4;4;5;5;1;3;1;0;1;1;1;4;1;2;6;4;4;7;5;3;3;5;7;6;2;7;2;4;4;3;4;4;3;;4;3;3;3;4;5;3;4;;4;2;1;1;3;;3;1;1978;43;4.384615385;3.75;5;3.555555556;2.333333333;1.769230769;3;primary;8
418;6;6;6;5;6;4;5;4;6;5;6;6;6;6;1;0;0;0;0;0;0;3;6;6;7;7;7;7;6;6;5;5;6;7;3;4;2;4;4;2;3;4;4;4;3;1;1;1;1;5;2;4;1;4;1;1;3;4;1;5;1;1998;23;6;3.25;5.5;2.454545455;2.714285714;1.230769231;4;secondary;1
419;4;4;4;3;4;3;4;3;3;5;4;4;3;4;1;1;1;0;3;1;0;6;3;4;7;7;6;5;3;7;6;5;6;5;2;6;2;4;3;4;4;6;2;3;4;1;1;2;3;5;2;4;2;5;4;4;3;5;1;5;1;1977;44;5.384615385;3.875;3.714285714;2.636363636;3.857142857;1.615384615;4;secondary;7
420;5;5;5;5;5;5;5;3;5;5;5;5;5;5;1;1;1;1;1;1;0;6;6;6;5;5;6;3;5;4;4;5;7;3;3;4;1;4;4;4;3;3;1;2;2;2;2;2;2;4;2;4;4;4;4;4;2;4;;4;2;1978;43;5;3.25;4.857142857;2.454545455;3.666666667;2.076923077;6;tertiary;6
421;6;6;6;6;6;5;4;4;6;6;4;6;5;6;1;1;1;0;0;1;0;7;1;1;6;5;3;6;6;7;6;6;7;6;6;5;2;2;4;4;1;4;1;3;2;1;1;1;2;5;2;3;1;5;;;1;5;5;4;1;1978;43;5.153846154;3.5;5.428571429;2;4;1.384615385;5;tertiary;4
422;5;5;4;3;6;2;3;3;5;4;5;4;5;4;1;1;1;0;0;1;0;4;2;4;3;6;6;6;5;5;5;5;6;6;2;4;1;4;3;5;4;5;2;2;2;1;1;1;1;4;1;1;1;5;4;;1;4;;4;1;1989;32;4.846153846;3.5;4.142857143;1.545454545;3.6;1.538461538;6;tertiary;4
423;5;6;5;5;5;5;6;5;6;5;5;5;6;6;0;0;0;0;0;1;0;3;5;5;7;7;6;6;7;7;6;5;6;6;3;2;6;7;7;6;6;6;2;2;3;5;4;4;5;5;4;3;4;5;2;1;3;3;3;3;1;1956;65;5.846153846;5.375;5.357142857;3.727272727;2.857142857;1.153846154;4;secondary;1
424;5;5;5;4;4;1;1;1;3;5;4;5;4;4;0;0;1;0;3;0;0;7;1;4;4;5;6;5;6;4;6;5;7;5;2;4;4;3;4;4;4;3;3;4;3;1;1;2;2;4;2;2;;5;4;;1;4;;2;1;1981;40;5;3.5;3.642857143;2.4;3.2;1.538461538;6;tertiary;4
425;4;6;5;5;6;5;5;4;5;5;6;6;5;6;1;1;2;1;1;2;1;7;5;6;6;4;7;4;6;4;3;3;6;6;3;7;2;5;5;7;5;4;2;3;2;1;1;1;1;2;2;3;1;4;4;4;1;5;1;5;1;1986;35;5.153846154;4.75;5.214285714;1.727272727;3.428571429;1.769230769;4;secondary;9
426;2;5;4;4;5;1;2;2;4;5;2;4;5;3;3;2;2;2;2;3;0;7;6;7;6;6;6;3;3;1;4;5;4;3;2;1;5;5;7;4;3;5;3;3;3;1;1;1;1;4;2;2;3;5;2;4;1;5;2;3;1;1973;48;4.692307692;4;3.428571429;2.181818182;3.142857143;2.230769231;4;secondary;14
427;4;6;5;3;6;4;5;2;4;6;5;3;3;5;0;0;1;0;0;1;0;7;6;5;6;4;7;4;5;4;3;4;6;6;3;4;2;3;4;5;3;6;3;4;3;1;2;2;2;4;2;4;;4;4;;1;4;;4;1;1981;40;5.153846154;3.75;4.357142857;2.7;3.4;1.153846154;5;tertiary;2
428;3;5;4;5;1;2;3;2;4;5;6;2;5;2;0;1;1;1;1;1;0;7;7;4;7;4;7;6;4;7;6;6;6;6;1;1;1;4;1;7;1;1;3;4;1;1;1;1;1;4;1;3;1;4;;;1;5;1;4;1;1994;27;5.923076923;2.125;3.5;1.909090909;3;1.384615385;4;secondary;5
429;3;5;5;4;6;1;2;2;5;5;5;5;4;6;1;1;2;1;1;1;1;5;3;4;6;4;3;7;6;5;5;5;7;6;3;4;5;5;7;5;4;6;3;2;3;3;2;2;2;4;3;3;1;4;3;3;2;2;1;5;1;1955;66;5.076923077;4.875;4.142857143;2.545454545;2.857142857;1.692307692;4;secondary;8
430;4;4;4;3;6;5;6;3;3;6;5;5;6;6;2;2;2;1;1;0;1;7;4;5;7;4;1;7;4;1;4;4;7;5;1;5;1;1;4;1;1;3;2;2;3;1;1;1;3;3;1;3;1;4;1;1;1;3;1;5;1;1995;26;4.615384615;2.125;4.714285714;1.909090909;2.285714286;1.923076923;4;secondary;9
431;5;5;6;4;4;4;5;6;3;5;4;3;3;5;3;1;2;0;0;1;1;7;4;4;7;7;7;7;7;7;6;6;7;7;5;6;6;7;6;1;5;7;2;3;3;1;1;1;1;5;1;3;1;5;3;3;1;4;1;4;1;1970;51;6.384615385;5.375;4.428571429;2;3;1.846153846;3;primary;8
432;3;5;3;4;3;2;3;2;5;5;3;3;5;4;1;1;0;1;0;1;1;5;4;4;5;4;4;6;4;5;5;4;5;5;2;7;3;3;4;3;3;4;2;2;2;2;2;2;2;3;2;2;2;4;2;2;1;3;1;3;1;1969;52;4.615384615;3.625;3.571428571;2.090909091;2.285714286;1.538461538;5;tertiary;5
433;3;3;3;3;4;4;4;2;3;2;3;4;4;4;1;1;1;2;2;1;1;7;4;5;5;6;4;5;5;3;4;4;5;4;2;3;3;4;5;3;3;4;4;4;3;1;1;2;3;5;2;5;4;5;4;3;2;3;5;5;1;1993;28;4.692307692;3.375;3.285714286;3.090909091;3.857142857;2.076923077;6;tertiary;9
434;4;5;4;4;5;4;4;4;5;5;4;4;5;5;1;1;1;1;1;1;1;6;4;5;7;3;6;4;3;3;3;6;6;7;2;4;2;6;6;5;5;5;3;4;3;1;1;1;1;3;1;1;1;5;4;3;2;2;1;3;1;1970;51;4.846153846;4.375;4.428571429;1.818181818;2.857142857;1.538461538;8;primary;7
435;5;5;5;5;5;4;3;2;3;5;5;5;5;5;1;1;1;2;2;2;2;6;4;5;6;5;5;6;4;4;4;5;5;4;1;3;3;2;2;1;2;3;2;4;4;2;1;2;2;4;2;2;2;5;4;2;2;4;2;4;1;1973;48;4.846153846;2.125;4.428571429;2.454545455;3.285714286;2.153846154;6;tertiary;11
436;1;2;2;1;2;1;1;3;1;2;3;2;2;1;2;2;2;3;2;2;1;3;6;5;2;4;2;4;2;1;3;4;2;3;1;6;4;2;3;3;4;5;3;3;4;3;3;3;3;4;3;2;;4;2;3;3;4;;4;1;1995;26;3.153846154;3.5;1.714285714;3.1;3.333333333;2.692307692;6;tertiary;14
437;2;2;3;3;4;2;2;2;2;4;3;3;4;3;1;1;2;2;1;1;1;6;4;6;2;4;5;3;2;2;4;2;2;2;2;5;3;3;4;3;3;5;3;4;4;2;1;;2;5;;4;1;3;1;3;1;3;;4;1;1986;35;3.384615385;3.5;2.785714286;2.888888889;2.5;1.923076923;3;primary;9
438;5;6;5;4;3;4;3;4;5;6;5;5;6;6;1;0;1;0;3;0;1;7;4;5;6;6;6;6;6;7;5;5;6;6;3;6;6;5;6;5;5;5;2;;4;4;3;3;3;5;3;2;1;5;2;1;;;;5;1;1948;73;5.769230769;5.125;4.785714286;3;3.25;1.615384615;4;secondary;6
439;5;6;5;3;5;1;3;1;5;4;6;4;4;4;1;1;1;0;1;1;1;6;7;7;3;6;3;5;3;5;4;2;4;5;1;5;3;3;3;6;2;2;2;;2;1;1;1;2;4;3;3;;5;4;4;1;4;;4;1;1987;34;4.615384615;3.125;4;2.111111111;3.666666667;1.538461538;5;tertiary;6
440;5;5;5;3;3;5;5;4;4;5;5;5;4;5;1;1;1;1;1;1;0;6;1;3;6;3;5;7;6;6;5;3;7;6;3;6;3;6;5;5;5;6;3;4;5;2;4;4;5;5;4;4;4;5;4;4;3;5;4;5;1;1967;54;4.923076923;4.875;4.5;4;4.285714286;1.538461538;4;secondary;6
441;3;4;2;2;3;3;3;3;3;5;4;5;5;5;1;1;1;0;1;1;1;4;4;6;6;6;7;6;7;6;6;6;6;6;1;7;2;3;2;5;2;2;2;3;3;1;1;1;2;3;1;1;1;5;4;;1;4;;4;1;1978;43;5.846153846;3;3.571428571;1.727272727;3.6;1.461538462;4;secondary;6
442;5;5;5;3;3;4;5;5;5;5;5;5;6;5;1;0;1;1;0;1;0;6;4;5;5;6;6;5;4;5;5;4;5;5;3;4;5;5;5;3;4;5;3;3;3;1;2;2;3;5;3;3;1;;;3;2;3;1;3;1;1969;52;5;4.25;4.714285714;2.636363636;2.4;1.615384615;3;primary;4
443;3;5;4;3;5;4;4;5;4;5;4;4;4;5;1;1;2;1;1;1;1;7;6;5;6;5;6;6;3;6;6;5;7;6;2;6;6;5;6;3;5;6;3;3;4;4;4;4;4;5;3;4;1;4;3;2;3;1;1;4;1;1949;72;5.692307692;4.875;4.214285714;3.545454545;2.571428571;2;4;secondary;8
444;4;4;4;4;4;4;4;4;4;4;4;4;4;4;2;2;2;2;2;2;2;6;5;5;3;3;3;5;3;3;5;3;3;4;4;4;3;3;3;5;3;3;1;1;1;1;1;1;1;1;1;1;1;1;1;1;1;1;1;1;2;1970;51;3.923076923;3.5;4;1;1;2.538461538;4;secondary;14
445;5;6;5;6;1;3;3;6;6;5;6;6;6;6;0;0;3;0;0;0;0;7;4;4;6;7;6;6;2;2;6;6;7;6;2;6;6;6;6;1;4;7;1;1;5;5;5;5;5;5;5;5;2;4;4;1;5;5;2;5;1;1968;53;5.307692308;4.75;5;4;3.714285714;1.461538462;3;primary;3
446;2;6;2;5;5;3;1;2;6;5;5;4;4;5;2;1;3;2;3;3;3;3;1;1;5;3;3;3;5;2;4;5;6;3;2;1;1;3;2;5;5;2;3;4;3;1;1;1;1;3;1;3;1;4;;1;1;;1;4;1;1996;25;3.384615385;2.625;3.928571429;2;2.2;2.384615385;4;secondary;17
447;4;4;3;2;2;1;2;1;3;5;5;6;5;3;1;0;0;1;0;2;1;5;2;3;6;3;5;6;5;5;6;4;6;6;2;2;2;5;5;6;2;6;1;4;4;2;2;2;2;5;2;2;1;4;1;3;1;4;1;4;1;1991;30;4.769230769;3.75;3.285714286;2.454545455;2.571428571;1.461538462;6;tertiary;5
448;1;1;1;1;1;1;1;1;1;1;1;1;1;1;3;3;3;3;3;3;3;7;1;1;1;1;1;1;1;1;1;4;1;1;1;1;1;1;1;7;1;1;1;1;1;1;1;1;1;1;1;1;1;1;1;1;1;1;1;1;1;1980;41;1.692307692;1.75;1;1;1;3.769230769;6;tertiary;21
449;6;6;6;6;6;4;5;4;5;5;5;4;4;5;1;1;1;0;0;1;1;6;4;5;6;6;6;5;6;6;5;5;6;5;3;3;3;5;6;6;4;5;3;4;4;1;1;1;1;5;2;4;1;5;4;4;2;4;;4;1;1974;47;5.461538462;4.375;5.071428571;2.454545455;3.833333333;1.461538462;4;secondary;5
450;5;6;6;6;6;1;3;3;2;6;4;6;6;6;1;0;0;1;1;1;0;6;5;6;7;6;6;3;6;6;5;6;7;6;3;4;3;5;4;3;5;5;3;4;3;2;2;2;3;5;3;4;;4;3;3;2;4;;4;1;1984;37;5.769230769;4;4.714285714;3.1;3.333333333;1.384615385;6;tertiary;4
451;3;4;3;5;6;4;3;2;3;4;3;4;3;3;1;1;2;2;2;1;1;6;5;5;6;4;4;6;3;4;4;4;6;4;2;2;2;3;2;6;1;3;1;3;5;1;1;1;1;5;1;3;4;3;3;2;1;2;1;3;1;1981;40;4.692307692;2.625;3.571428571;2.363636364;2.142857143;2;3;primary;10
452;5;5;5;5;4;4;4;4;5;5;5;5;5;5;2;1;1;0;3;1;1;7;7;7;4;6;4;5;5;4;4;4;4;4;7;6;1;5;4;7;2;1;2;;3;;2;;;5;;;;5;4;4;;;;;1;1994;27;5;4.125;4.714285714;3;4.333333333;1.692307692;3;primary;9
453;3;2;2;3;4;1;3;1;2;4;4;2;5;3;2;1;2;2;2;2;1;7;4;4;5;6;2;3;5;3;4;4;6;6;1;2;1;3;4;4;4;4;1;2;2;1;2;1;4;5;2;3;1;5;2;1;1;4;1;3;1;1969;52;4.538461538;2.875;2.785714286;2.181818182;2.428571429;2.307692308;6;tertiary;12
454;2;5;2;3;4;3;4;2;4;5;3;4;5;5;2;2;2;2;2;2;2;6;6;5;5;3;5;3;4;2;4;4;4;3;2;3;2;5;3;5;3;2;2;2;3;3;3;2;3;3;2;2;1;4;2;2;2;2;1;2;1;1973;48;4.153846154;3.125;3.642857143;2.363636364;2.142857143;2.615384615;4;secondary;14
455;4;1;4;3;3;2;2;1;6;6;3;3;6;6;2;1;1;1;0;3;1;5;7;7;6;6;7;5;7;6;4;6;6;6;1;6;4;5;3;5;4;1;2;2;4;1;1;1;1;4;1;1;1;3;1;1;1;1;1;1;1;1981;40;6;3.625;3.571428571;1.727272727;1.285714286;1.923076923;6;tertiary;9
456;2;3;2;2;3;1;2;2;2;2;2;2;3;2;3;2;3;2;2;2;1;3;4;5;5;4;4;5;3;3;6;4;4;4;2;3;3;2;3;4;3;2;2;3;2;1;1;1;1;5;1;2;2;5;4;2;1;4;1;2;1;1992;29;4.153846154;2.75;2.142857143;1.909090909;2.714285714;2.692307692;4;secondary;15
457;5;5;5;4;5;2;5;2;3;5;3;4;5;5;1;1;1;1;0;1;0;5;6;6;5;2;5;4;6;5;3;5;6;6;2;4;4;2;3;4;4;4;3;3;3;1;1;2;2;3;1;3;;4;3;3;1;4;;4;1;1983;38;4.923076923;3.375;4.142857143;2.2;3.166666667;1.461538462;6;tertiary;5
458;3;3;2;3;4;3;2;2;4;4;4;5;5;5;1;1;2;1;1;2;2;5;3;6;5;5;4;6;5;5;6;4;6;5;2;4;1;1;2;3;5;3;2;2;3;2;2;2;3;4;3;4;1;4;3;2;2;3;;4;1;1973;48;5;2.625;3.5;2.545454545;3;2.076923077;4;secondary;10
459;3;4;3;5;5;5;5;2;4;4;5;6;5;5;2;2;1;3;2;2;1;1;3;5;7;6;5;6;5;5;3;5;6;6;4;6;3;6;4;5;5;6;2;3;4;1;2;2;2;5;2;2;1;5;2;4;1;4;1;5;1;1973;48;4.846153846;4.875;4.357142857;2.363636364;3.142857143;2.384615385;6;tertiary;13
460;2;3;2;1;3;1;3;2;3;4;2;3;3;2;1;1;2;2;1;2;1;5;3;3;5;5;3;3;3;5;2;3;3;5;3;4;5;5;5;2;3;6;3;4;4;1;2;1;3;4;3;4;4;3;3;2;2;;3;3;1;1980;41;3.692307692;4.125;2.428571429;3;2.666666667;2.230769231;5;tertiary;10
461;2;2;1;2;2;1;2;1;3;2;2;3;2;2;2;2;2;0;1;3;2;6;2;4;6;2;4;6;4;4;5;4;5;3;2;3;2;2;4;5;2;1;2;3;3;1;1;1;3;5;2;3;1;2;1;3;1;3;1;3;1;1995;26;4.230769231;2.625;1.928571429;2.272727273;2;2;5;tertiary;12
462;4;5;4;5;4;1;3;1;5;5;3;4;3;3;0;0;1;0;1;1;0;7;4;6;5;2;6;6;7;6;4;4;5;3;2;1;4;4;3;2;3;4;2;2;3;1;1;1;1;3;1;3;1;4;;;1;2;;4;1;1989;32;5;2.875;3.571428571;1.727272727;2.75;1.230769231;6;tertiary;3
463;3;3;3;4;5;2;4;2;5;4;4;4;4;4;1;0;1;0;0;1;0;4;4;5;5;5;6;4;6;6;5;5;6;6;3;4;3;5;4;3;2;4;1;1;3;2;2;2;2;4;2;3;1;5;5;3;1;;1;5;1;1987;34;5.153846154;3.5;3.642857143;2.090909091;3.333333333;1.461538462;4;secondary;3
464;5;5;5;5;3;1;5;1;6;6;6;5;6;6;1;1;2;0;0;0;1;7;7;7;7;2;7;5;7;5;5;5;6;7;3;2;2;4;3;4;4;2;2;3;3;1;1;1;1;3;1;3;;4;1;1;1;2;;3;1;1998;23;5.923076923;3;4.642857143;1.9;2;1.769230769;4;secondary;5
465;2;2;4;5;6;6;5;4;3;5;5;2;2;6;2;1;1;2;0;1;1;6;3;3;2;5;4;5;6;7;5;4;6;6;5;5;6;6;6;4;5;4;3;5;5;1;2;2;2;5;1;4;1;5;5;4;1;4;1;5;1;1970;51;4.769230769;5.125;4.071428571;2.818181818;3.571428571;1.923076923;4;secondary;8
466;6;6;6;6;6;5;5;5;6;6;5;6;5;6;1;1;1;1;1;3;2;6;4;5;7;4;6;4;5;4;6;6;7;6;3;5;4;4;4;1;3;4;1;1;4;5;5;5;4;3;3;1;2;3;3;1;4;2;2;2;1;1978;43;5.384615385;3.5;5.642857143;3.090909091;2.428571429;1.923076923;6;tertiary;10
467;5;6;4;4;5;5;4;3;4;4;4;4;3;5;1;0;2;0;1;1;1;4;6;6;5;6;5;4;3;6;4;6;6;6;1;4;4;6;5;3;3;5;3;3;4;1;1;1;1;5;2;4;3;5;4;1;1;4;;4;1;1986;35;5.153846154;3.875;4.285714286;2.545454545;3.166666667;1.461538462;8;primary;6
468;6;3;4;2;4;1;5;4;2;3;3;4;5;5;1;1;1;2;2;0;0;2;3;6;5;3;2;4;2;2;2;4;7;6;3;4;4;7;4;2;6;6;4;5;5;1;1;1;1;5;3;4;4;5;4;;3;4;;4;1;1985;36;3.692307692;4.5;3.642857143;3.090909091;4;1.692307692;8;primary;7
469;3;5;4;2;1;2;3;2;4;5;3;3;3;4;1;1;1;1;1;1;1;6;4;4;6;5;5;6;5;5;5;4;5;4;1;5;4;4;4;3;5;5;3;4;4;2;2;2;3;4;3;3;3;4;4;3;3;4;3;4;1;1987;34;4.923076923;3.875;3.142857143;3;3.571428571;1.923076923;6;tertiary;7
470;4;5;4;1;6;1;3;1;5;5;5;3;5;5;0;0;0;0;0;1;0;6;6;6;5;7;7;6;6;5;6;5;5;7;2;2;5;6;5;5;3;5;2;4;3;1;1;2;1;4;3;4;2;5;;;2;5;;4;1;1962;59;5.923076923;4.125;3.785714286;2.454545455;4;1.153846154;6;tertiary;1
471;5;5;5;4;6;5;4;3;4;5;5;5;4;5;1;1;0;0;0;0;0;3;4;6;7;7;7;7;3;7;3;3;1;7;3;3;5;7;5;1;3;7;2;3;3;1;1;1;1;4;1;4;3;5;5;5;1;5;1;5;1;1990;31;5;4.25;4.642857143;2.181818182;3.857142857;1.384615385;5;tertiary;2
472;4;6;5;5;3;1;1;2;4;3;5;5;6;6;1;0;0;0;1;0;0;6;5;6;7;5;6;6;6;5;5;6;7;6;2;2;5;5;5;6;3;4;2;4;4;2;2;2;2;5;2;4;2;5;2;2;1;4;3;4;1;1993;28;5.846153846;4;4;2.818181818;3;1.230769231;6;tertiary;2
473;6;6;5;2;1;5;5;5;5;5;3;5;5;6;1;0;1;2;1;1;0;5;3;3;7;4;6;6;5;6;3;3;6;5;2;5;5;5;5;3;3;6;4;4;4;1;2;1;2;5;2;5;1;5;3;5;2;5;1;5;1;1983;38;4.769230769;4.25;4.571428571;2.818181818;3.714285714;1.615384615;5;tertiary;6
474;4;4;4;3;5;4;4;3;5;6;6;5;5;5;2;2;3;1;1;1;2;7;3;2;6;5;5;7;2;3;2;4;7;2;1;6;2;1;3;2;1;3;1;1;1;1;1;1;2;4;3;2;1;5;3;2;1;5;1;5;1;1976;45;4.230769231;2.375;4.5;1.636363636;3.142857143;2.461538462;4;secondary;12
475;4;5;5;5;5;3;3;3;5;5;5;5;5;5;1;1;1;0;0;1;1;2;3;2;6;3;6;6;6;6;4;5;5;6;5;2;2;3;3;6;3;1;1;1;2;1;1;1;2;4;1;1;1;5;3;3;2;5;4;4;1;1988;33;4.615384615;3.125;4.5;1.454545455;3.714285714;1.615384615;5;tertiary;5
476;2;2;3;1;5;3;5;3;5;5;5;3;5;4;0;0;0;0;0;1;1;4;4;2;6;7;4;5;3;5;3;4;6;3;2;4;3;5;4;3;3;5;2;;;1;1;1;1;4;1;;1;5;1;;1;4;;4;1;1990;31;4.307692308;3.625;3.642857143;1.5;3;1.230769231;5;tertiary;2
